"epoch","stilted-haze-15 - _step","stilted-haze-15 - _step__MIN","stilted-haze-15 - _step__MAX","stilted-haze-15 - valid_dataset_f1","stilted-haze-15 - valid_dataset_f1__MIN","stilted-haze-15 - valid_dataset_f1__MAX","apricot-butterfly-13 - _step","apricot-butterfly-13 - _step__MIN","apricot-butterfly-13 - _step__MAX","apricot-butterfly-13 - valid_dataset_f1","apricot-butterfly-13 - valid_dataset_f1__MIN","apricot-butterfly-13 - valid_dataset_f1__MAX"
"0","0","0","0","0.12708979845046997","0.12708979845046997","0.12708979845046997","0","0","0","0.10076155513525009","0.10076155513525009","0.10076155513525009"
"1","1","1","1","0.05805043876171112","0.05805043876171112","0.05805043876171112","1","1","1","0.03801018372178078","0.03801018372178078","0.03801018372178078"
"2","2","2","2","0.02145281806588173","0.02145281806588173","0.02145281806588173","2","2","2","0.012156627140939236","0.012156627140939236","0.012156627140939236"
"3","3","3","3","0.007785741239786148","0.007785741239786148","0.007785741239786148","3","3","3","0.0067701321095228195","0.0067701321095228195","0.0067701321095228195"
"4","4","4","4","0.005961688235402107","0.005961688235402107","0.005961688235402107","4","4","4","0.01189449056982994","0.01189449056982994","0.01189449056982994"
"5","5","5","5","0.006819639354944229","0.006819639354944229","0.006819639354944229","5","5","5","0.04440683126449585","0.04440683126449585","0.04440683126449585"
"6","6","6","6","0.019033929333090782","0.019033929333090782","0.019033929333090782","6","6","6","0.09291145205497742","0.09291145205497742","0.09291145205497742"
"7","7","7","7","0.06849793344736099","0.06849793344736099","0.06849793344736099","7","7","7","0.1482451856136322","0.1482451856136322","0.1482451856136322"
"8","8","8","8","0.14912912249565125","0.14912912249565125","0.14912912249565125","8","8","8","0.22190654277801514","0.22190654277801514","0.22190654277801514"
"9","9","9","9","0.23389455676078796","0.23389455676078796","0.23389455676078796","9","9","9","0.29471874237060547","0.29471874237060547","0.29471874237060547"
"10","10","10","10","0.3329170346260071","0.3329170346260071","0.3329170346260071","10","10","10","0.3838825225830078","0.3838825225830078","0.3838825225830078"
"11","11","11","11","0.4316946566104889","0.4316946566104889","0.4316946566104889","11","11","11","0.44776099920272827","0.44776099920272827","0.44776099920272827"
"12","12","12","12","0.5015885829925537","0.5015885829925537","0.5015885829925537","12","12","12","0.49684762954711914","0.49684762954711914","0.49684762954711914"
"13","13","13","13","0.5336853265762329","0.5336853265762329","0.5336853265762329","13","13","13","0.5237962007522583","0.5237962007522583","0.5237962007522583"
"14","14","14","14","0.5858277082443237","0.5858277082443237","0.5858277082443237","14","14","14","0.5674917697906494","0.5674917697906494","0.5674917697906494"
"15","15","15","15","0.6305052042007446","0.6305052042007446","0.6305052042007446","15","15","15","0.58577561378479","0.58577561378479","0.58577561378479"
"16","16","16","16","0.6417397856712341","0.6417397856712341","0.6417397856712341","16","16","16","0.5938235521316528","0.5938235521316528","0.5938235521316528"
"17","17","17","17","0.6565265655517578","0.6565265655517578","0.6565265655517578","17","17","17","0.5974209308624268","0.5974209308624268","0.5974209308624268"
"18","18","18","18","0.6621103882789612","0.6621103882789612","0.6621103882789612","18","18","18","0.6227390170097351","0.6227390170097351","0.6227390170097351"
"19","19","19","19","0.6654541492462158","0.6654541492462158","0.6654541492462158","19","19","19","0.639896810054779","0.639896810054779","0.639896810054779"
"20","20","20","20","0.6655809879302979","0.6655809879302979","0.6655809879302979","20","20","20","0.6318477988243103","0.6318477988243103","0.6318477988243103"
"21","21","21","21","0.6690675616264343","0.6690675616264343","0.6690675616264343","21","21","21","0.6045105457305908","0.6045105457305908","0.6045105457305908"
"22","22","22","22","0.6743882894515991","0.6743882894515991","0.6743882894515991","22","22","22","0.6135145425796509","0.6135145425796509","0.6135145425796509"
"23","23","23","23","0.6638615131378174","0.6638615131378174","0.6638615131378174","23","23","23","0.6247172951698303","0.6247172951698303","0.6247172951698303"
"24","25","25","25","0.6608736515045166","0.6608736515045166","0.6608736515045166","25","25","25","0.6125050783157349","0.6125050783157349","0.6125050783157349"
"25","26","26","26","0.6814359426498413","0.6814359426498413","0.6814359426498413","26","26","26","0.5947142839431763","0.5947142839431763","0.5947142839431763"
"26","27","27","27","0.6851049661636353","0.6851049661636353","0.6851049661636353","27","27","27","0.6056571006774902","0.6056571006774902","0.6056571006774902"
"27","28","28","28","0.6763449907302856","0.6763449907302856","0.6763449907302856","28","28","28","0.6351801753044128","0.6351801753044128","0.6351801753044128"
"28","29","29","29","0.6814974546432495","0.6814974546432495","0.6814974546432495","29","29","29","0.6597357392311096","0.6597357392311096","0.6597357392311096"
"29","30","30","30","0.6899968385696411","0.6899968385696411","0.6899968385696411","30","30","30","0.6694733500480652","0.6694733500480652","0.6694733500480652"
"30","31","31","31","0.6857006549835205","0.6857006549835205","0.6857006549835205","31","31","31","0.659792423248291","0.659792423248291","0.659792423248291"
"31","32","32","32","0.6738525629043579","0.6738525629043579","0.6738525629043579","32","32","32","0.6303194761276245","0.6303194761276245","0.6303194761276245"
"32","33","33","33","0.6782055497169495","0.6782055497169495","0.6782055497169495","33","33","33","0.5973993539810181","0.5973993539810181","0.5973993539810181"
"33","34","34","34","0.685472846031189","0.685472846031189","0.685472846031189","34","34","34","0.6139780282974243","0.6139780282974243","0.6139780282974243"
"34","35","35","35","0.6761490106582642","0.6761490106582642","0.6761490106582642","35","35","35","0.614380419254303","0.614380419254303","0.614380419254303"
"35","36","36","36","0.665300726890564","0.665300726890564","0.665300726890564","36","36","36","0.5824158191680908","0.5824158191680908","0.5824158191680908"
"36","37","37","37","0.6666020750999451","0.6666020750999451","0.6666020750999451","37","37","37","0.5530999898910522","0.5530999898910522","0.5530999898910522"
"37","38","38","38","0.6830455660820007","0.6830455660820007","0.6830455660820007","38","38","38","0.5498136878013611","0.5498136878013611","0.5498136878013611"
"38","39","39","39","0.6620951890945435","0.6620951890945435","0.6620951890945435","39","39","39","0.5595340728759766","0.5595340728759766","0.5595340728759766"
"39","40","40","40","0.6352581977844238","0.6352581977844238","0.6352581977844238","40","40","40","0.5713741183280945","0.5713741183280945","0.5713741183280945"
"40","41","41","41","0.6326065063476562","0.6326065063476562","0.6326065063476562","41","41","41","0.5656540393829346","0.5656540393829346","0.5656540393829346"
"41","42","42","42","0.6277751922607422","0.6277751922607422","0.6277751922607422","42","42","42","0.5364601612091064","0.5364601612091064","0.5364601612091064"
"42","43","43","43","0.6397844552993774","0.6397844552993774","0.6397844552993774","43","43","43","0.5307831764221191","0.5307831764221191","0.5307831764221191"
"43","44","44","44","0.6349185705184937","0.6349185705184937","0.6349185705184937","44","44","44","0.556122899055481","0.556122899055481","0.556122899055481"
"44","45","45","45","0.6535181999206543","0.6535181999206543","0.6535181999206543","45","45","45","0.5701441764831543","0.5701441764831543","0.5701441764831543"
"45","46","46","46","0.6384150981903076","0.6384150981903076","0.6384150981903076","46","46","46","0.5769604444503784","0.5769604444503784","0.5769604444503784"
"46","47","47","47","0.6310117244720459","0.6310117244720459","0.6310117244720459","47","47","47","0.5584895014762878","0.5584895014762878","0.5584895014762878"
"47","48","48","48","0.6553007364273071","0.6553007364273071","0.6553007364273071","48","48","48","0.5517513751983643","0.5517513751983643","0.5517513751983643"
"48","49","49","49","0.6698901653289795","0.6698901653289795","0.6698901653289795","49","49","49","0.5195574760437012","0.5195574760437012","0.5195574760437012"
"49","51","51","51","0.6512939929962158","0.6512939929962158","0.6512939929962158","51","51","51","0.487287312746048","0.487287312746048","0.487287312746048"
"50","52","52","52","0.6218698024749756","0.6218698024749756","0.6218698024749756","52","52","52","0.4579315781593323","0.4579315781593323","0.4579315781593323"
"51","53","53","53","0.65772545337677","0.65772545337677","0.65772545337677","53","53","53","0.46703362464904785","0.46703362464904785","0.46703362464904785"
"52","54","54","54","0.6785544157028198","0.6785544157028198","0.6785544157028198","54","54","54","0.47746479511260986","0.47746479511260986","0.47746479511260986"
"53","55","55","55","0.6660751104354858","0.6660751104354858","0.6660751104354858","55","55","55","0.5433248281478882","0.5433248281478882","0.5433248281478882"
"54","56","56","56","0.6480967998504639","0.6480967998504639","0.6480967998504639","56","56","56","0.5658804178237915","0.5658804178237915","0.5658804178237915"
"55","57","57","57","0.6594207286834717","0.6594207286834717","0.6594207286834717","57","57","57","0.5648621916770935","0.5648621916770935","0.5648621916770935"
"56","58","58","58","0.6337531805038452","0.6337531805038452","0.6337531805038452","58","58","58","0.5559847950935364","0.5559847950935364","0.5559847950935364"
"57","59","59","59","0.6217142343521118","0.6217142343521118","0.6217142343521118","59","59","59","0.5327790975570679","0.5327790975570679","0.5327790975570679"
"58","60","60","60","0.6238812208175659","0.6238812208175659","0.6238812208175659","60","60","60","0.563750147819519","0.563750147819519","0.563750147819519"
"59","61","61","61","0.6397279500961304","0.6397279500961304","0.6397279500961304","61","61","61","0.5879365801811218","0.5879365801811218","0.5879365801811218"
"60","62","62","62","0.6695573329925537","0.6695573329925537","0.6695573329925537","62","62","62","0.5709847211837769","0.5709847211837769","0.5709847211837769"
"61","63","63","63","0.6692537665367126","0.6692537665367126","0.6692537665367126","63","63","63","0.555213451385498","0.555213451385498","0.555213451385498"
"62","64","64","64","0.6512891054153442","0.6512891054153442","0.6512891054153442","64","64","64","0.5574502944946289","0.5574502944946289","0.5574502944946289"
"63","65","65","65","0.6562016010284424","0.6562016010284424","0.6562016010284424","65","65","65","0.5744664669036865","0.5744664669036865","0.5744664669036865"
"64","66","66","66","0.6562349796295166","0.6562349796295166","0.6562349796295166","66","66","66","0.5788699388504028","0.5788699388504028","0.5788699388504028"
"65","67","67","67","0.627252459526062","0.627252459526062","0.627252459526062","67","67","67","0.6069202423095703","0.6069202423095703","0.6069202423095703"
"66","68","68","68","0.6333398222923279","0.6333398222923279","0.6333398222923279","68","68","68","0.6167590618133545","0.6167590618133545","0.6167590618133545"
"67","69","69","69","0.6546063423156738","0.6546063423156738","0.6546063423156738","69","69","69","0.5609878301620483","0.5609878301620483","0.5609878301620483"
"68","70","70","70","0.6284474730491638","0.6284474730491638","0.6284474730491638","70","70","70","0.5109062790870667","0.5109062790870667","0.5109062790870667"
"69","71","71","71","0.6176593899726868","0.6176593899726868","0.6176593899726868","71","71","71","0.5564371347427368","0.5564371347427368","0.5564371347427368"
"70","72","72","72","0.6454577445983887","0.6454577445983887","0.6454577445983887","72","72","72","0.6129844188690186","0.6129844188690186","0.6129844188690186"
"71","73","73","73","0.6641433238983154","0.6641433238983154","0.6641433238983154","73","73","73","0.6100300550460815","0.6100300550460815","0.6100300550460815"
"72","74","74","74","0.6657693386077881","0.6657693386077881","0.6657693386077881","74","74","74","0.5835726857185364","0.5835726857185364","0.5835726857185364"
"73","75","75","75","0.6611456871032715","0.6611456871032715","0.6611456871032715","75","75","75","0.5444353222846985","0.5444353222846985","0.5444353222846985"
"74","77","77","77","0.6780405640602112","0.6780405640602112","0.6780405640602112","77","77","77","0.5132118463516235","0.5132118463516235","0.5132118463516235"
"75","78","78","78","0.6686164736747742","0.6686164736747742","0.6686164736747742","78","78","78","0.5360834002494812","0.5360834002494812","0.5360834002494812"
"76","79","79","79","0.6334868669509888","0.6334868669509888","0.6334868669509888","79","79","79","0.5756073594093323","0.5756073594093323","0.5756073594093323"
"77","80","80","80","0.6555467844009399","0.6555467844009399","0.6555467844009399","80","80","80","0.5806929469108582","0.5806929469108582","0.5806929469108582"
"78","81","81","81","0.6818757057189941","0.6818757057189941","0.6818757057189941","81","81","81","0.580206036567688","0.580206036567688","0.580206036567688"
"79","82","82","82","0.6578834056854248","0.6578834056854248","0.6578834056854248","82","82","82","0.5634729862213135","0.5634729862213135","0.5634729862213135"
"80","83","83","83","0.6472713947296143","0.6472713947296143","0.6472713947296143","83","83","83","0.5540832281112671","0.5540832281112671","0.5540832281112671"
"81","84","84","84","0.677812397480011","0.677812397480011","0.677812397480011","84","84","84","0.5253989696502686","0.5253989696502686","0.5253989696502686"
"82","85","85","85","0.6745913028717041","0.6745913028717041","0.6745913028717041","85","85","85","0.5601721405982971","0.5601721405982971","0.5601721405982971"
"83","86","86","86","0.6414476037025452","0.6414476037025452","0.6414476037025452","86","86","86","0.6009415984153748","0.6009415984153748","0.6009415984153748"
"84","87","87","87","0.6211426258087158","0.6211426258087158","0.6211426258087158","87","87","87","0.6144996881484985","0.6144996881484985","0.6144996881484985"
"85","88","88","88","0.6566674709320068","0.6566674709320068","0.6566674709320068","88","88","88","0.6202417016029358","0.6202417016029358","0.6202417016029358"
"86","89","89","89","0.6890968680381775","0.6890968680381775","0.6890968680381775","89","89","89","0.6426191329956055","0.6426191329956055","0.6426191329956055"
"87","90","90","90","0.6671390533447266","0.6671390533447266","0.6671390533447266","90","90","90","0.6228529810905457","0.6228529810905457","0.6228529810905457"
"88","91","91","91","0.6412785649299622","0.6412785649299622","0.6412785649299622","91","91","91","0.593298077583313","0.593298077583313","0.593298077583313"
"89","92","92","92","0.649439811706543","0.649439811706543","0.649439811706543","92","92","92","0.5821324586868286","0.5821324586868286","0.5821324586868286"
"90","93","93","93","0.6826916933059692","0.6826916933059692","0.6826916933059692","93","93","93","0.5575875043869019","0.5575875043869019","0.5575875043869019"
"91","94","94","94","0.6834987998008728","0.6834987998008728","0.6834987998008728","94","94","94","0.5566854476928711","0.5566854476928711","0.5566854476928711"
"92","95","95","95","0.6604946255683899","0.6604946255683899","0.6604946255683899","95","95","95","0.5967488288879395","0.5967488288879395","0.5967488288879395"
"93","96","96","96","0.6566798686981201","0.6566798686981201","0.6566798686981201","96","96","96","0.6064627170562744","0.6064627170562744","0.6064627170562744"
"94","97","97","97","0.6796854734420776","0.6796854734420776","0.6796854734420776","97","97","97","0.6094057559967041","0.6094057559967041","0.6094057559967041"
"95","98","98","98","0.6908093690872192","0.6908093690872192","0.6908093690872192","98","98","98","0.6352781057357788","0.6352781057357788","0.6352781057357788"
"96","99","99","99","0.6728605031967163","0.6728605031967163","0.6728605031967163","99","99","99","0.617607593536377","0.617607593536377","0.617607593536377"
"97","100","100","100","0.6446775197982788","0.6446775197982788","0.6446775197982788","100","100","100","0.600275993347168","0.600275993347168","0.600275993347168"
"98","101","101","101","0.6687339544296265","0.6687339544296265","0.6687339544296265","101","101","101","0.5962225198745728","0.5962225198745728","0.5962225198745728"
"99","103","103","103","0.6945632696151733","0.6945632696151733","0.6945632696151733","103","103","103","0.6038362979888916","0.6038362979888916","0.6038362979888916"
"100","104","104","104","0.6952710151672363","0.6952710151672363","0.6952710151672363","104","104","104","0.6166666746139526","0.6166666746139526","0.6166666746139526"
"101","105","105","105","0.6745786666870117","0.6745786666870117","0.6745786666870117","105","105","105","0.6193463802337646","0.6193463802337646","0.6193463802337646"
"102","106","106","106","0.662724494934082","0.662724494934082","0.662724494934082","106","106","106","0.585976243019104","0.585976243019104","0.585976243019104"
"103","107","107","107","0.6874819993972778","0.6874819993972778","0.6874819993972778","107","107","107","0.6121111512184143","0.6121111512184143","0.6121111512184143"
"104","108","108","108","0.6911987662315369","0.6911987662315369","0.6911987662315369","108","108","108","0.6240214705467224","0.6240214705467224","0.6240214705467224"
"105","109","109","109","0.6630876660346985","0.6630876660346985","0.6630876660346985","109","109","109","0.5875825881958008","0.5875825881958008","0.5875825881958008"
"106","110","110","110","0.6686634421348572","0.6686634421348572","0.6686634421348572","110","110","110","0.5761080980300903","0.5761080980300903","0.5761080980300903"
"107","111","111","111","0.6838306188583374","0.6838306188583374","0.6838306188583374","111","111","111","0.5870864391326904","0.5870864391326904","0.5870864391326904"
"108","112","112","112","0.6858868598937988","0.6858868598937988","0.6858868598937988","112","112","112","0.5955989360809326","0.5955989360809326","0.5955989360809326"
"109","113","113","113","0.6792514324188232","0.6792514324188232","0.6792514324188232","113","113","113","0.5912662744522095","0.5912662744522095","0.5912662744522095"
"110","114","114","114","0.6759794354438782","0.6759794354438782","0.6759794354438782","114","114","114","0.5914191007614136","0.5914191007614136","0.5914191007614136"
"111","115","115","115","0.6732891798019409","0.6732891798019409","0.6732891798019409","115","115","115","0.5732805132865906","0.5732805132865906","0.5732805132865906"
"112","116","116","116","0.6780709624290466","0.6780709624290466","0.6780709624290466","116","116","116","0.5497491359710693","0.5497491359710693","0.5497491359710693"
"113","117","117","117","0.6599045991897583","0.6599045991897583","0.6599045991897583","117","117","117","0.5360478758811951","0.5360478758811951","0.5360478758811951"
"114","118","118","118","0.6496678590774536","0.6496678590774536","0.6496678590774536","118","118","118","0.609174370765686","0.609174370765686","0.609174370765686"
"115","119","119","119","0.6620084047317505","0.6620084047317505","0.6620084047317505","119","119","119","0.6428287029266357","0.6428287029266357","0.6428287029266357"
"116","120","120","120","0.6755607724189758","0.6755607724189758","0.6755607724189758","120","120","120","0.6138029098510742","0.6138029098510742","0.6138029098510742"
"117","121","121","121","0.6661194562911987","0.6661194562911987","0.6661194562911987","121","121","121","0.6038097143173218","0.6038097143173218","0.6038097143173218"
"118","122","122","122","0.6750954389572144","0.6750954389572144","0.6750954389572144","122","122","122","0.6360841989517212","0.6360841989517212","0.6360841989517212"
"119","123","123","123","0.6806397438049316","0.6806397438049316","0.6806397438049316","123","123","123","0.6398553848266602","0.6398553848266602","0.6398553848266602"
"120","124","124","124","0.6770543456077576","0.6770543456077576","0.6770543456077576","124","124","124","0.6125472784042358","0.6125472784042358","0.6125472784042358"
"121","125","125","125","0.6791019439697266","0.6791019439697266","0.6791019439697266","125","125","125","0.5961549282073975","0.5961549282073975","0.5961549282073975"
"122","126","126","126","0.6819254755973816","0.6819254755973816","0.6819254755973816","126","126","126","0.6153777837753296","0.6153777837753296","0.6153777837753296"
"123","127","127","127","0.684081494808197","0.684081494808197","0.684081494808197","127","127","127","0.6165939569473267","0.6165939569473267","0.6165939569473267"
"124","129","129","129","0.693304181098938","0.693304181098938","0.693304181098938","129","129","129","0.622212827205658","0.622212827205658","0.622212827205658"
"125","130","130","130","0.6819242238998413","0.6819242238998413","0.6819242238998413","130","130","130","0.649558424949646","0.649558424949646","0.649558424949646"
"126","131","131","131","0.6648802161216736","0.6648802161216736","0.6648802161216736","131","131","131","0.659518837928772","0.659518837928772","0.659518837928772"
"127","132","132","132","0.6645346283912659","0.6645346283912659","0.6645346283912659","132","132","132","0.6583917737007141","0.6583917737007141","0.6583917737007141"
"128","133","133","133","0.6653629541397095","0.6653629541397095","0.6653629541397095","133","133","133","0.6508648991584778","0.6508648991584778","0.6508648991584778"
"129","134","134","134","0.6656266450881958","0.6656266450881958","0.6656266450881958","134","134","134","0.640183687210083","0.640183687210083","0.640183687210083"
"130","135","135","135","0.6745253801345825","0.6745253801345825","0.6745253801345825","135","135","135","0.6305510401725769","0.6305510401725769","0.6305510401725769"
"131","136","136","136","0.6646463871002197","0.6646463871002197","0.6646463871002197","136","136","136","0.6338034868240356","0.6338034868240356","0.6338034868240356"
"132","137","137","137","0.6700888872146606","0.6700888872146606","0.6700888872146606","137","137","137","0.6220961213111877","0.6220961213111877","0.6220961213111877"
"133","138","138","138","0.6814908981323242","0.6814908981323242","0.6814908981323242","138","138","138","0.6165496110916138","0.6165496110916138","0.6165496110916138"
"134","139","139","139","0.6758933067321777","0.6758933067321777","0.6758933067321777","139","139","139","0.6101282238960266","0.6101282238960266","0.6101282238960266"
"135","140","140","140","0.6868746280670166","0.6868746280670166","0.6868746280670166","140","140","140","0.5969619154930115","0.5969619154930115","0.5969619154930115"
"136","141","141","141","0.6863282918930054","0.6863282918930054","0.6863282918930054","141","141","141","0.6220766305923462","0.6220766305923462","0.6220766305923462"
"137","142","142","142","0.680397093296051","0.680397093296051","0.680397093296051","142","142","142","0.6211159229278564","0.6211159229278564","0.6211159229278564"
"138","143","143","143","0.6823028326034546","0.6823028326034546","0.6823028326034546","143","143","143","0.6012364625930786","0.6012364625930786","0.6012364625930786"
"139","144","144","144","0.6761257648468018","0.6761257648468018","0.6761257648468018","144","144","144","0.5968148112297058","0.5968148112297058","0.5968148112297058"
"140","145","145","145","0.675366997718811","0.675366997718811","0.675366997718811","145","145","145","0.5793183445930481","0.5793183445930481","0.5793183445930481"
"141","146","146","146","0.68654465675354","0.68654465675354","0.68654465675354","146","146","146","0.5948354005813599","0.5948354005813599","0.5948354005813599"
"142","147","147","147","0.6735521554946899","0.6735521554946899","0.6735521554946899","147","147","147","0.6095451712608337","0.6095451712608337","0.6095451712608337"
"143","148","148","148","0.6565732955932617","0.6565732955932617","0.6565732955932617","148","148","148","0.5979272127151489","0.5979272127151489","0.5979272127151489"
"144","149","149","149","0.6871888637542725","0.6871888637542725","0.6871888637542725","149","149","149","0.6029886603355408","0.6029886603355408","0.6029886603355408"
"145","150","150","150","0.676382839679718","0.676382839679718","0.676382839679718","150","150","150","0.6114375591278076","0.6114375591278076","0.6114375591278076"
"146","151","151","151","0.6714730262756348","0.6714730262756348","0.6714730262756348","151","151","151","0.6006364822387695","0.6006364822387695","0.6006364822387695"
"147","152","152","152","0.6805455088615417","0.6805455088615417","0.6805455088615417","152","152","152","0.5660957098007202","0.5660957098007202","0.5660957098007202"
"148","153","153","153","0.6695613265037537","0.6695613265037537","0.6695613265037537","153","153","153","0.5953590869903564","0.5953590869903564","0.5953590869903564"
"149","155","155","155","0.680853545665741","0.680853545665741","0.680853545665741","155","155","155","0.6448314189910889","0.6448314189910889","0.6448314189910889"
"150","156","156","156","0.681511640548706","0.681511640548706","0.681511640548706","156","156","156","0.6451970934867859","0.6451970934867859","0.6451970934867859"
"151","157","157","157","0.6588766574859619","0.6588766574859619","0.6588766574859619","157","157","157","0.6398763656616211","0.6398763656616211","0.6398763656616211"
"152","158","158","158","0.6784131526947021","0.6784131526947021","0.6784131526947021","158","158","158","0.64264976978302","0.64264976978302","0.64264976978302"
"153","159","159","159","0.6984306573867798","0.6984306573867798","0.6984306573867798","159","159","159","0.6382150053977966","0.6382150053977966","0.6382150053977966"
"154","160","160","160","0.6729482412338257","0.6729482412338257","0.6729482412338257","160","160","160","0.6320717334747314","0.6320717334747314","0.6320717334747314"
"155","161","161","161","0.6572065949440002","0.6572065949440002","0.6572065949440002","161","161","161","0.6362859606742859","0.6362859606742859","0.6362859606742859"
"156","162","162","162","0.6823504567146301","0.6823504567146301","0.6823504567146301","162","162","162","0.5956001877784729","0.5956001877784729","0.5956001877784729"
"157","163","163","163","0.6764295101165771","0.6764295101165771","0.6764295101165771","163","163","163","0.5984145402908325","0.5984145402908325","0.5984145402908325"
"158","164","164","164","0.6502310633659363","0.6502310633659363","0.6502310633659363","164","164","164","0.6264069080352783","0.6264069080352783","0.6264069080352783"
"159","165","165","165","0.6697359085083008","0.6697359085083008","0.6697359085083008","165","165","165","0.616199254989624","0.616199254989624","0.616199254989624"
"160","166","166","166","0.6846144199371338","0.6846144199371338","0.6846144199371338","166","166","166","0.6056435108184814","0.6056435108184814","0.6056435108184814"
"161","167","167","167","0.6820951700210571","0.6820951700210571","0.6820951700210571","167","167","167","0.6254385709762573","0.6254385709762573","0.6254385709762573"
"162","168","168","168","0.6769760847091675","0.6769760847091675","0.6769760847091675","168","168","168","0.6214367151260376","0.6214367151260376","0.6214367151260376"
"163","169","169","169","0.6834979057312012","0.6834979057312012","0.6834979057312012","169","169","169","0.6082980632781982","0.6082980632781982","0.6082980632781982"
"164","170","170","170","0.6879112720489502","0.6879112720489502","0.6879112720489502","170","170","170","0.6291656494140625","0.6291656494140625","0.6291656494140625"
"165","171","171","171","0.6822584271430969","0.6822584271430969","0.6822584271430969","171","171","171","0.6368995308876038","0.6368995308876038","0.6368995308876038"
"166","172","172","172","0.6735948324203491","0.6735948324203491","0.6735948324203491","172","172","172","0.6185694932937622","0.6185694932937622","0.6185694932937622"
"167","173","173","173","0.6867974996566772","0.6867974996566772","0.6867974996566772","173","173","173","0.6163500547409058","0.6163500547409058","0.6163500547409058"
"168","174","174","174","0.6929665803909302","0.6929665803909302","0.6929665803909302","174","174","174","0.6357406377792358","0.6357406377792358","0.6357406377792358"
"169","175","175","175","0.6703966856002808","0.6703966856002808","0.6703966856002808","175","175","175","0.6173727512359619","0.6173727512359619","0.6173727512359619"
"170","176","176","176","0.6839420199394226","0.6839420199394226","0.6839420199394226","176","176","176","0.5853005647659302","0.5853005647659302","0.5853005647659302"
"171","177","177","177","0.6880342364311218","0.6880342364311218","0.6880342364311218","177","177","177","0.5929577350616455","0.5929577350616455","0.5929577350616455"
"172","178","178","178","0.6799167394638062","0.6799167394638062","0.6799167394638062","178","178","178","0.5853687524795532","0.5853687524795532","0.5853687524795532"
"173","179","179","179","0.6838275790214539","0.6838275790214539","0.6838275790214539","179","179","179","0.6016674637794495","0.6016674637794495","0.6016674637794495"
"174","181","181","181","0.681470513343811","0.681470513343811","0.681470513343811","181","181","181","0.5944907665252686","0.5944907665252686","0.5944907665252686"
"175","182","182","182","0.6694617867469788","0.6694617867469788","0.6694617867469788","182","182","182","0.5793739557266235","0.5793739557266235","0.5793739557266235"
"176","183","183","183","0.6859995722770691","0.6859995722770691","0.6859995722770691","183","183","183","0.6034892797470093","0.6034892797470093","0.6034892797470093"
"177","184","184","184","0.6892785429954529","0.6892785429954529","0.6892785429954529","184","184","184","0.6406619548797607","0.6406619548797607","0.6406619548797607"
"178","185","185","185","0.6724121570587158","0.6724121570587158","0.6724121570587158","185","185","185","0.6291265487670898","0.6291265487670898","0.6291265487670898"
"179","186","186","186","0.6798264980316162","0.6798264980316162","0.6798264980316162","186","186","186","0.6068003177642822","0.6068003177642822","0.6068003177642822"
"180","187","187","187","0.6779232025146484","0.6779232025146484","0.6779232025146484","187","187","187","0.5991808176040649","0.5991808176040649","0.5991808176040649"
"181","188","188","188","0.6614565849304199","0.6614565849304199","0.6614565849304199","188","188","188","0.6212759017944336","0.6212759017944336","0.6212759017944336"
"182","189","189","189","0.6655711531639099","0.6655711531639099","0.6655711531639099","189","189","189","0.6274884939193726","0.6274884939193726","0.6274884939193726"
"183","190","190","190","0.6788191795349121","0.6788191795349121","0.6788191795349121","190","190","190","0.6173266172409058","0.6173266172409058","0.6173266172409058"
"184","191","191","191","0.6800484657287598","0.6800484657287598","0.6800484657287598","191","191","191","0.5994664430618286","0.5994664430618286","0.5994664430618286"
"185","192","192","192","0.6643595099449158","0.6643595099449158","0.6643595099449158","192","192","192","0.601050853729248","0.601050853729248","0.601050853729248"
"186","193","193","193","0.6745926141738892","0.6745926141738892","0.6745926141738892","193","193","193","0.6137572526931763","0.6137572526931763","0.6137572526931763"
"187","194","194","194","0.681875467300415","0.681875467300415","0.681875467300415","194","194","194","0.5938876867294312","0.5938876867294312","0.5938876867294312"
"188","195","195","195","0.6724318265914917","0.6724318265914917","0.6724318265914917","195","195","195","0.5585300326347351","0.5585300326347351","0.5585300326347351"
"189","196","196","196","0.6726994514465332","0.6726994514465332","0.6726994514465332","196","196","196","0.5668614506721497","0.5668614506721497","0.5668614506721497"
"190","197","197","197","0.6800748109817505","0.6800748109817505","0.6800748109817505","197","197","197","0.5988602638244629","0.5988602638244629","0.5988602638244629"
"191","198","198","198","0.6766955852508545","0.6766955852508545","0.6766955852508545","198","198","198","0.6058819890022278","0.6058819890022278","0.6058819890022278"
"192","199","199","199","0.6747715473175049","0.6747715473175049","0.6747715473175049","199","199","199","0.612650990486145","0.612650990486145","0.612650990486145"
"193","200","200","200","0.676409125328064","0.676409125328064","0.676409125328064","200","200","200","0.5981387495994568","0.5981387495994568","0.5981387495994568"
"194","201","201","201","0.6743711829185486","0.6743711829185486","0.6743711829185486","201","201","201","0.567151665687561","0.567151665687561","0.567151665687561"
"195","202","202","202","0.6663765907287598","0.6663765907287598","0.6663765907287598","202","202","202","0.5666582584381104","0.5666582584381104","0.5666582584381104"
"196","203","203","203","0.6875495314598083","0.6875495314598083","0.6875495314598083","203","203","203","0.5782057046890259","0.5782057046890259","0.5782057046890259"
"197","204","204","204","0.6839851140975952","0.6839851140975952","0.6839851140975952","204","204","204","0.5384689569473267","0.5384689569473267","0.5384689569473267"
"198","205","205","205","0.6691359281539917","0.6691359281539917","0.6691359281539917","205","205","205","0.5269685387611389","0.5269685387611389","0.5269685387611389"
"199","207","207","207","0.6833913922309875","0.6833913922309875","0.6833913922309875","207","207","207","0.5558822154998779","0.5558822154998779","0.5558822154998779"
"200","208","208","208","0.6597949266433716","0.6597949266433716","0.6597949266433716","208","208","208","0.6130636930465698","0.6130636930465698","0.6130636930465698"
"201","209","209","209","0.6265573501586914","0.6265573501586914","0.6265573501586914","209","209","209","0.63331139087677","0.63331139087677","0.63331139087677"
"202","210","210","210","0.6131343245506287","0.6131343245506287","0.6131343245506287","210","210","210","0.5923705101013184","0.5923705101013184","0.5923705101013184"
"203","211","211","211","0.6306840181350708","0.6306840181350708","0.6306840181350708","211","211","211","0.619300901889801","0.619300901889801","0.619300901889801"
"204","212","212","212","0.6653857231140137","0.6653857231140137","0.6653857231140137","212","212","212","0.6317249536514282","0.6317249536514282","0.6317249536514282"
"205","213","213","213","0.6722411513328552","0.6722411513328552","0.6722411513328552","213","213","213","0.6910361051559448","0.6910361051559448","0.6910361051559448"
"206","214","214","214","0.6653058528900146","0.6653058528900146","0.6653058528900146","214","214","214","0.7134121656417847","0.7134121656417847","0.7134121656417847"
"207","215","215","215","0.670744776725769","0.670744776725769","0.670744776725769","215","215","215","0.6857191324234009","0.6857191324234009","0.6857191324234009"
"208","216","216","216","0.6793305277824402","0.6793305277824402","0.6793305277824402","216","216","216","0.620929479598999","0.620929479598999","0.620929479598999"
"209","217","217","217","0.6666574478149414","0.6666574478149414","0.6666574478149414","217","217","217","0.575634241104126","0.575634241104126","0.575634241104126"
"210","218","218","218","0.6463310718536377","0.6463310718536377","0.6463310718536377","218","218","218","0.5944323539733887","0.5944323539733887","0.5944323539733887"
"211","219","219","219","0.6442089676856995","0.6442089676856995","0.6442089676856995","219","219","219","0.6193141937255859","0.6193141937255859","0.6193141937255859"
"212","220","220","220","0.6242223978042603","0.6242223978042603","0.6242223978042603","220","220","220","0.6407851576805115","0.6407851576805115","0.6407851576805115"
"213","221","221","221","0.6157119274139404","0.6157119274139404","0.6157119274139404","221","221","221","0.6862603425979614","0.6862603425979614","0.6862603425979614"
"214","222","222","222","0.6381790041923523","0.6381790041923523","0.6381790041923523","222","222","222","0.6932053565979004","0.6932053565979004","0.6932053565979004"
"215","223","223","223","0.6635603904724121","0.6635603904724121","0.6635603904724121","223","223","223","0.6912254095077515","0.6912254095077515","0.6912254095077515"
"216","224","224","224","0.6652401685714722","0.6652401685714722","0.6652401685714722","224","224","224","0.6951145529747009","0.6951145529747009","0.6951145529747009"
"217","225","225","225","0.6698994636535645","0.6698994636535645","0.6698994636535645","225","225","225","0.6907472610473633","0.6907472610473633","0.6907472610473633"
"218","226","226","226","0.6838796138763428","0.6838796138763428","0.6838796138763428","226","226","226","0.6954755783081055","0.6954755783081055","0.6954755783081055"
"219","227","227","227","0.6823524236679077","0.6823524236679077","0.6823524236679077","227","227","227","0.7044404745101929","0.7044404745101929","0.7044404745101929"
"220","228","228","228","0.6587891578674316","0.6587891578674316","0.6587891578674316","228","228","228","0.6969987750053406","0.6969987750053406","0.6969987750053406"
"221","229","229","229","0.6487205028533936","0.6487205028533936","0.6487205028533936","229","229","229","0.7029342651367188","0.7029342651367188","0.7029342651367188"
"222","230","230","230","0.6415436267852783","0.6415436267852783","0.6415436267852783","230","230","230","0.7054933309555054","0.7054933309555054","0.7054933309555054"
"223","231","231","231","0.6427350640296936","0.6427350640296936","0.6427350640296936","231","231","231","0.707795262336731","0.707795262336731","0.707795262336731"
"224","233","233","233","0.6593936085700989","0.6593936085700989","0.6593936085700989","233","233","233","0.704750657081604","0.704750657081604","0.704750657081604"
"225","234","234","234","0.6536470651626587","0.6536470651626587","0.6536470651626587","234","234","234","0.7165095806121826","0.7165095806121826","0.7165095806121826"
"226","235","235","235","0.6488350033760071","0.6488350033760071","0.6488350033760071","235","235","235","0.7117409110069275","0.7117409110069275","0.7117409110069275"
"227","236","236","236","0.6446094512939453","0.6446094512939453","0.6446094512939453","236","236","236","0.720083475112915","0.720083475112915","0.720083475112915"
"228","237","237","237","0.6509044766426086","0.6509044766426086","0.6509044766426086","237","237","237","0.7329113483428955","0.7329113483428955","0.7329113483428955"
"229","238","238","238","0.6530406475067139","0.6530406475067139","0.6530406475067139","238","238","238","0.7344557046890259","0.7344557046890259","0.7344557046890259"
"230","239","239","239","0.6482564210891724","0.6482564210891724","0.6482564210891724","239","239","239","0.7397186160087585","0.7397186160087585","0.7397186160087585"
"231","240","240","240","0.6438428163528442","0.6438428163528442","0.6438428163528442","240","240","240","0.7401857376098633","0.7401857376098633","0.7401857376098633"
"232","241","241","241","0.6377838850021362","0.6377838850021362","0.6377838850021362","241","241","241","0.7317311763763428","0.7317311763763428","0.7317311763763428"
"233","242","242","242","0.646257758140564","0.646257758140564","0.646257758140564","242","242","242","0.7258206605911255","0.7258206605911255","0.7258206605911255"
"234","243","243","243","0.653328001499176","0.653328001499176","0.653328001499176","243","243","243","0.7266430854797363","0.7266430854797363","0.7266430854797363"
"235","244","244","244","0.6521443128585815","0.6521443128585815","0.6521443128585815","244","244","244","0.7273019552230835","0.7273019552230835","0.7273019552230835"
"236","245","245","245","0.6586540937423706","0.6586540937423706","0.6586540937423706","245","245","245","0.7231586575508118","0.7231586575508118","0.7231586575508118"
"237","246","246","246","0.6468098759651184","0.6468098759651184","0.6468098759651184","246","246","246","0.7160857915878296","0.7160857915878296","0.7160857915878296"
"238","247","247","247","0.6234605312347412","0.6234605312347412","0.6234605312347412","247","247","247","0.7100915312767029","0.7100915312767029","0.7100915312767029"
"239","248","248","248","0.6167858839035034","0.6167858839035034","0.6167858839035034","248","248","248","0.6980504989624023","0.6980504989624023","0.6980504989624023"
"240","249","249","249","0.6128121018409729","0.6128121018409729","0.6128121018409729","249","249","249","0.6806203126907349","0.6806203126907349","0.6806203126907349"
"241","250","250","250","0.636775016784668","0.636775016784668","0.636775016784668","250","250","250","0.663180410861969","0.663180410861969","0.663180410861969"
"242","251","251","251","0.6517312526702881","0.6517312526702881","0.6517312526702881","251","251","251","0.6397571563720703","0.6397571563720703","0.6397571563720703"
"243","252","252","252","0.6312365531921387","0.6312365531921387","0.6312365531921387","252","252","252","0.6543687582015991","0.6543687582015991","0.6543687582015991"
"244","253","253","253","0.618884801864624","0.618884801864624","0.618884801864624","253","253","253","0.6812756657600403","0.6812756657600403","0.6812756657600403"
"245","254","254","254","0.6391841173171997","0.6391841173171997","0.6391841173171997","254","254","254","0.7021778225898743","0.7021778225898743","0.7021778225898743"
"246","255","255","255","0.6685587763786316","0.6685587763786316","0.6685587763786316","255","255","255","0.7016898393630981","0.7016898393630981","0.7016898393630981"
"247","256","256","256","0.6781532764434814","0.6781532764434814","0.6781532764434814","256","256","256","0.7051860094070435","0.7051860094070435","0.7051860094070435"
"248","257","257","257","0.6683934330940247","0.6683934330940247","0.6683934330940247","257","257","257","0.6990694403648376","0.6990694403648376","0.6990694403648376"
"249","259","259","259","0.668845534324646","0.668845534324646","0.668845534324646","259","259","259","0.6873383522033691","0.6873383522033691","0.6873383522033691"
"250","260","260","260","0.6563471555709839","0.6563471555709839","0.6563471555709839","260","260","260","0.6820768117904663","0.6820768117904663","0.6820768117904663"
"251","261","261","261","0.6546845436096191","0.6546845436096191","0.6546845436096191","261","261","261","0.703360915184021","0.703360915184021","0.703360915184021"
"252","262","262","262","0.6503075361251831","0.6503075361251831","0.6503075361251831","262","262","262","0.7145499587059021","0.7145499587059021","0.7145499587059021"
"253","263","263","263","0.6510589122772217","0.6510589122772217","0.6510589122772217","263","263","263","0.7247430086135864","0.7247430086135864","0.7247430086135864"
"254","264","264","264","0.6507590413093567","0.6507590413093567","0.6507590413093567","264","264","264","0.7255386114120483","0.7255386114120483","0.7255386114120483"
"255","265","265","265","0.6539386510848999","0.6539386510848999","0.6539386510848999","265","265","265","0.6947340369224548","0.6947340369224548","0.6947340369224548"
"256","266","266","266","0.6575157046318054","0.6575157046318054","0.6575157046318054","266","266","266","0.6809548139572144","0.6809548139572144","0.6809548139572144"
"257","267","267","267","0.6465567350387573","0.6465567350387573","0.6465567350387573","267","267","267","0.6729410886764526","0.6729410886764526","0.6729410886764526"
"258","268","268","268","0.6436768770217896","0.6436768770217896","0.6436768770217896","268","268","268","0.6893441677093506","0.6893441677093506","0.6893441677093506"
"259","269","269","269","0.6548870801925659","0.6548870801925659","0.6548870801925659","269","269","269","0.704700231552124","0.704700231552124","0.704700231552124"
"260","270","270","270","0.6396487951278687","0.6396487951278687","0.6396487951278687","270","270","270","0.7246663570404053","0.7246663570404053","0.7246663570404053"
"261","271","271","271","0.6267911791801453","0.6267911791801453","0.6267911791801453","271","271","271","0.7156412601470947","0.7156412601470947","0.7156412601470947"
"262","272","272","272","0.6241260170936584","0.6241260170936584","0.6241260170936584","272","272","272","0.6821482181549072","0.6821482181549072","0.6821482181549072"
"263","273","273","273","0.628800630569458","0.628800630569458","0.628800630569458","273","273","273","0.6562709212303162","0.6562709212303162","0.6562709212303162"
"264","274","274","274","0.6541479229927063","0.6541479229927063","0.6541479229927063","274","274","274","0.6262194514274597","0.6262194514274597","0.6262194514274597"
"265","275","275","275","0.6398929357528687","0.6398929357528687","0.6398929357528687","275","275","275","0.6445565819740295","0.6445565819740295","0.6445565819740295"
"266","276","276","276","0.6085634231567383","0.6085634231567383","0.6085634231567383","276","276","276","0.6817810535430908","0.6817810535430908","0.6817810535430908"
"267","277","277","277","0.6187440752983093","0.6187440752983093","0.6187440752983093","277","277","277","0.7115494012832642","0.7115494012832642","0.7115494012832642"
"268","278","278","278","0.6164652109146118","0.6164652109146118","0.6164652109146118","278","278","278","0.7251375317573547","0.7251375317573547","0.7251375317573547"
"269","279","279","279","0.6040118932723999","0.6040118932723999","0.6040118932723999","279","279","279","0.7319760322570801","0.7319760322570801","0.7319760322570801"
"270","280","280","280","0.6085046529769897","0.6085046529769897","0.6085046529769897","280","280","280","0.735350489616394","0.735350489616394","0.735350489616394"
"271","281","281","281","0.6209754943847656","0.6209754943847656","0.6209754943847656","281","281","281","0.7353402972221375","0.7353402972221375","0.7353402972221375"
"272","282","282","282","0.6389567852020264","0.6389567852020264","0.6389567852020264","282","282","282","0.7300426959991455","0.7300426959991455","0.7300426959991455"
"273","283","283","283","0.6539674997329712","0.6539674997329712","0.6539674997329712","283","283","283","0.7274938821792603","0.7274938821792603","0.7274938821792603"
"274","285","285","285","0.6598066091537476","0.6598066091537476","0.6598066091537476","285","285","285","0.7289481163024902","0.7289481163024902","0.7289481163024902"
"275","286","286","286","0.6562808156013489","0.6562808156013489","0.6562808156013489","286","286","286","0.7272646427154541","0.7272646427154541","0.7272646427154541"
"276","287","287","287","0.6447861194610596","0.6447861194610596","0.6447861194610596","287","287","287","0.7296749353408813","0.7296749353408813","0.7296749353408813"
"277","288","288","288","0.6334956288337708","0.6334956288337708","0.6334956288337708","288","288","288","0.7331480383872986","0.7331480383872986","0.7331480383872986"
"278","289","289","289","0.6315638422966003","0.6315638422966003","0.6315638422966003","289","289","289","0.7330155372619629","0.7330155372619629","0.7330155372619629"
"279","290","290","290","0.6276963353157043","0.6276963353157043","0.6276963353157043","290","290","290","0.7349644899368286","0.7349644899368286","0.7349644899368286"
"280","291","291","291","0.6056954860687256","0.6056954860687256","0.6056954860687256","291","291","291","0.7359063625335693","0.7359063625335693","0.7359063625335693"
"281","292","292","292","0.6320555806159973","0.6320555806159973","0.6320555806159973","292","292","292","0.7343162298202515","0.7343162298202515","0.7343162298202515"
"282","293","293","293","0.642130434513092","0.642130434513092","0.642130434513092","293","293","293","0.7354549169540405","0.7354549169540405","0.7354549169540405"
"283","294","294","294","0.637722909450531","0.637722909450531","0.637722909450531","294","294","294","0.7189362049102783","0.7189362049102783","0.7189362049102783"
"284","295","295","295","0.6398715972900391","0.6398715972900391","0.6398715972900391","295","295","295","0.7043161392211914","0.7043161392211914","0.7043161392211914"
"285","296","296","296","0.6457950472831726","0.6457950472831726","0.6457950472831726","296","296","296","0.7046496868133545","0.7046496868133545","0.7046496868133545"
"286","297","297","297","0.6542817950248718","0.6542817950248718","0.6542817950248718","297","297","297","0.7156786322593689","0.7156786322593689","0.7156786322593689"
"287","298","298","298","0.654487669467926","0.654487669467926","0.654487669467926","298","298","298","0.7047834992408752","0.7047834992408752","0.7047834992408752"
"288","299","299","299","0.6488363146781921","0.6488363146781921","0.6488363146781921","299","299","299","0.7160730361938477","0.7160730361938477","0.7160730361938477"
"289","300","300","300","0.6537473201751709","0.6537473201751709","0.6537473201751709","300","300","300","0.7431696653366089","0.7431696653366089","0.7431696653366089"
"290","301","301","301","0.640069305896759","0.640069305896759","0.640069305896759","301","301","301","0.7558329701423645","0.7558329701423645","0.7558329701423645"
"291","302","302","302","0.6266328692436218","0.6266328692436218","0.6266328692436218","302","302","302","0.7634017467498779","0.7634017467498779","0.7634017467498779"
"292","303","303","303","0.6328619718551636","0.6328619718551636","0.6328619718551636","303","303","303","0.7763155102729797","0.7763155102729797","0.7763155102729797"
"293","304","304","304","0.6372405290603638","0.6372405290603638","0.6372405290603638","304","304","304","0.7617018222808838","0.7617018222808838","0.7617018222808838"
"294","305","305","305","0.6321903467178345","0.6321903467178345","0.6321903467178345","305","305","305","0.7367113828659058","0.7367113828659058","0.7367113828659058"
"295","306","306","306","0.6236605048179626","0.6236605048179626","0.6236605048179626","306","306","306","0.7329903244972229","0.7329903244972229","0.7329903244972229"
"296","307","307","307","0.6188856959342957","0.6188856959342957","0.6188856959342957","307","307","307","0.7370445728302002","0.7370445728302002","0.7370445728302002"
"297","308","308","308","0.6316375732421875","0.6316375732421875","0.6316375732421875","308","308","308","0.7466731071472168","0.7466731071472168","0.7466731071472168"
"298","309","309","309","0.6582058668136597","0.6582058668136597","0.6582058668136597","309","309","309","0.7532254457473755","0.7532254457473755","0.7532254457473755"
"299","311","311","311","0.6701629161834717","0.6701629161834717","0.6701629161834717","311","311","311","0.7446672916412354","0.7446672916412354","0.7446672916412354"
"300","312","312","312","0.6756186485290527","0.6756186485290527","0.6756186485290527","312","312","312","0.7303673028945923","0.7303673028945923","0.7303673028945923"
"301","313","313","313","0.6741069555282593","0.6741069555282593","0.6741069555282593","313","313","313","0.7235854864120483","0.7235854864120483","0.7235854864120483"
"302","314","314","314","0.6698489189147949","0.6698489189147949","0.6698489189147949","314","314","314","0.7331043481826782","0.7331043481826782","0.7331043481826782"
"303","315","315","315","0.6685957908630371","0.6685957908630371","0.6685957908630371","315","315","315","0.704207181930542","0.704207181930542","0.704207181930542"
"304","316","316","316","0.6607585549354553","0.6607585549354553","0.6607585549354553","316","316","316","0.685204029083252","0.685204029083252","0.685204029083252"
"305","317","317","317","0.6514851450920105","0.6514851450920105","0.6514851450920105","317","317","317","0.6822471022605896","0.6822471022605896","0.6822471022605896"
"306","318","318","318","0.6463304758071899","0.6463304758071899","0.6463304758071899","318","318","318","0.6920744180679321","0.6920744180679321","0.6920744180679321"
"307","319","319","319","0.6434845328330994","0.6434845328330994","0.6434845328330994","319","319","319","0.6988222002983093","0.6988222002983093","0.6988222002983093"
"308","","","","","","","320","320","320","0.7152571678161621","0.7152571678161621","0.7152571678161621"
"309","","","","","","","321","321","321","0.7300851941108704","0.7300851941108704","0.7300851941108704"
"310","","","","","","","322","322","322","0.7346824407577515","0.7346824407577515","0.7346824407577515"
"311","","","","","","","323","323","323","0.7334895133972168","0.7334895133972168","0.7334895133972168"
"312","","","","","","","324","324","324","0.7309153079986572","0.7309153079986572","0.7309153079986572"
"313","","","","","","","325","325","325","0.7388038039207458","0.7388038039207458","0.7388038039207458"
"314","","","","","","","326","326","326","0.7491551041603088","0.7491551041603088","0.7491551041603088"
"315","","","","","","","327","327","327","0.7567608952522278","0.7567608952522278","0.7567608952522278"
"316","","","","","","","328","328","328","0.7599852085113525","0.7599852085113525","0.7599852085113525"
"317","","","","","","","329","329","329","0.749512791633606","0.749512791633606","0.749512791633606"
"318","","","","","","","330","330","330","0.7280054092407227","0.7280054092407227","0.7280054092407227"
"319","","","","","","","331","331","331","0.727001428604126","0.727001428604126","0.727001428604126"
"320","","","","","","","332","332","332","0.7324560880661011","0.7324560880661011","0.7324560880661011"
"321","","","","","","","333","333","333","0.7247604131698608","0.7247604131698608","0.7247604131698608"
"322","","","","","","","334","334","334","0.7151952981948853","0.7151952981948853","0.7151952981948853"
"323","","","","","","","335","335","335","0.7127453088760376","0.7127453088760376","0.7127453088760376"
"324","","","","","","","337","337","337","0.7105106115341187","0.7105106115341187","0.7105106115341187"
"325","","","","","","","338","338","338","0.7061070203781128","0.7061070203781128","0.7061070203781128"
"326","","","","","","","339","339","339","0.7140672206878662","0.7140672206878662","0.7140672206878662"
"327","","","","","","","340","340","340","0.715825080871582","0.715825080871582","0.715825080871582"
"328","","","","","","","341","341","341","0.7274231314659119","0.7274231314659119","0.7274231314659119"
"329","","","","","","","342","342","342","0.7347515225410461","0.7347515225410461","0.7347515225410461"
"330","","","","","","","343","343","343","0.6735337972640991","0.6735337972640991","0.6735337972640991"
"331","","","","","","","344","344","344","0.7019891738891602","0.7019891738891602","0.7019891738891602"
"332","","","","","","","345","345","345","0.7127147912979126","0.7127147912979126","0.7127147912979126"
"333","","","","","","","346","346","346","0.7206988334655762","0.7206988334655762","0.7206988334655762"
"334","","","","","","","347","347","347","0.7026348114013672","0.7026348114013672","0.7026348114013672"
"335","","","","","","","348","348","348","0.7004306316375732","0.7004306316375732","0.7004306316375732"
"336","","","","","","","349","349","349","0.7133896350860596","0.7133896350860596","0.7133896350860596"
"337","","","","","","","350","350","350","0.7243794202804565","0.7243794202804565","0.7243794202804565"
"338","","","","","","","351","351","351","0.721139669418335","0.721139669418335","0.721139669418335"
"339","","","","","","","352","352","352","0.712106466293335","0.712106466293335","0.712106466293335"
"340","","","","","","","353","353","353","0.7165652513504028","0.7165652513504028","0.7165652513504028"
"341","","","","","","","354","354","354","0.6975520849227905","0.6975520849227905","0.6975520849227905"
"342","","","","","","","355","355","355","0.6950775384902954","0.6950775384902954","0.6950775384902954"
"343","","","","","","","356","356","356","0.7086910009384155","0.7086910009384155","0.7086910009384155"
"344","","","","","","","357","357","357","0.7117376327514648","0.7117376327514648","0.7117376327514648"
"345","","","","","","","358","358","358","0.7052159309387207","0.7052159309387207","0.7052159309387207"
"346","","","","","","","359","359","359","0.7091313004493713","0.7091313004493713","0.7091313004493713"
"347","","","","","","","360","360","360","0.7277130484580994","0.7277130484580994","0.7277130484580994"
"348","","","","","","","361","361","361","0.7367477416992188","0.7367477416992188","0.7367477416992188"
"349","","","","","","","363","363","363","0.7338418364524841","0.7338418364524841","0.7338418364524841"
"350","","","","","","","364","364","364","0.7008995413780212","0.7008995413780212","0.7008995413780212"
"351","","","","","","","365","365","365","0.6516819000244141","0.6516819000244141","0.6516819000244141"
"352","","","","","","","366","366","366","0.6120114326477051","0.6120114326477051","0.6120114326477051"
"353","","","","","","","367","367","367","0.6187466979026794","0.6187466979026794","0.6187466979026794"
"354","","","","","","","368","368","368","0.6253329515457153","0.6253329515457153","0.6253329515457153"
"355","","","","","","","369","369","369","0.6612852811813354","0.6612852811813354","0.6612852811813354"
"356","","","","","","","370","370","370","0.6944353580474854","0.6944353580474854","0.6944353580474854"
"357","","","","","","","371","371","371","0.7104414701461792","0.7104414701461792","0.7104414701461792"
"358","","","","","","","372","372","372","0.7142159938812256","0.7142159938812256","0.7142159938812256"
"359","","","","","","","373","373","373","0.7005892992019653","0.7005892992019653","0.7005892992019653"
"360","","","","","","","374","374","374","0.7006049156188965","0.7006049156188965","0.7006049156188965"
"361","","","","","","","375","375","375","0.6948202252388","0.6948202252388","0.6948202252388"
"362","","","","","","","376","376","376","0.6953393816947937","0.6953393816947937","0.6953393816947937"
"363","","","","","","","377","377","377","0.7096874713897705","0.7096874713897705","0.7096874713897705"
"364","","","","","","","378","378","378","0.7284879088401794","0.7284879088401794","0.7284879088401794"
"365","","","","","","","379","379","379","0.7487053871154785","0.7487053871154785","0.7487053871154785"
"366","","","","","","","380","380","380","0.7561944723129272","0.7561944723129272","0.7561944723129272"
"367","","","","","","","381","381","381","0.7470192909240723","0.7470192909240723","0.7470192909240723"
"368","","","","","","","382","382","382","0.743683934211731","0.743683934211731","0.743683934211731"
"369","","","","","","","383","383","383","0.7497439384460449","0.7497439384460449","0.7497439384460449"
"370","","","","","","","384","384","384","0.7557429075241089","0.7557429075241089","0.7557429075241089"
"371","","","","","","","385","385","385","0.7535669803619385","0.7535669803619385","0.7535669803619385"
"372","","","","","","","386","386","386","0.7503552436828613","0.7503552436828613","0.7503552436828613"
"373","","","","","","","387","387","387","0.7535571455955505","0.7535571455955505","0.7535571455955505"
"374","","","","","","","389","389","389","0.7451512217521667","0.7451512217521667","0.7451512217521667"
"375","","","","","","","390","390","390","0.7132300138473511","0.7132300138473511","0.7132300138473511"
"376","","","","","","","391","391","391","0.734810471534729","0.734810471534729","0.734810471534729"
"377","","","","","","","392","392","392","0.7669309377670288","0.7669309377670288","0.7669309377670288"
"378","","","","","","","393","393","393","0.7704194784164429","0.7704194784164429","0.7704194784164429"
"379","","","","","","","394","394","394","0.7727962732315063","0.7727962732315063","0.7727962732315063"
"380","","","","","","","395","395","395","0.7718920707702637","0.7718920707702637","0.7718920707702637"
"381","","","","","","","396","396","396","0.7708396911621094","0.7708396911621094","0.7708396911621094"
"382","","","","","","","397","397","397","0.762617290019989","0.762617290019989","0.762617290019989"
"383","","","","","","","398","398","398","0.7401193380355835","0.7401193380355835","0.7401193380355835"
"384","","","","","","","399","399","399","0.7319432497024536","0.7319432497024536","0.7319432497024536"
"385","","","","","","","400","400","400","0.7374876737594604","0.7374876737594604","0.7374876737594604"
"386","","","","","","","401","401","401","0.730385422706604","0.730385422706604","0.730385422706604"
"387","","","","","","","402","402","402","0.7247871160507202","0.7247871160507202","0.7247871160507202"
"388","","","","","","","403","403","403","0.7324860095977783","0.7324860095977783","0.7324860095977783"
"389","","","","","","","404","404","404","0.7336040735244751","0.7336040735244751","0.7336040735244751"
"390","","","","","","","405","405","405","0.7382514476776123","0.7382514476776123","0.7382514476776123"
"391","","","","","","","406","406","406","0.7559835910797119","0.7559835910797119","0.7559835910797119"
"392","","","","","","","407","407","407","0.7658316493034363","0.7658316493034363","0.7658316493034363"
"393","","","","","","","408","408","408","0.7639576196670532","0.7639576196670532","0.7639576196670532"
"394","","","","","","","409","409","409","0.7509093284606934","0.7509093284606934","0.7509093284606934"
"395","","","","","","","410","410","410","0.7411801815032959","0.7411801815032959","0.7411801815032959"
"396","","","","","","","411","411","411","0.7437708973884583","0.7437708973884583","0.7437708973884583"
"397","","","","","","","412","412","412","0.7485436797142029","0.7485436797142029","0.7485436797142029"
"398","","","","","","","413","413","413","0.7494398355484009","0.7494398355484009","0.7494398355484009"
"399","","","","","","","415","415","415","0.757965087890625","0.757965087890625","0.757965087890625"
"400","","","","","","","416","416","416","0.7613053321838379","0.7613053321838379","0.7613053321838379"
"401","","","","","","","417","417","417","0.7589371204376221","0.7589371204376221","0.7589371204376221"
"402","","","","","","","418","418","418","0.744770348072052","0.744770348072052","0.744770348072052"
"403","","","","","","","419","419","419","0.7391026020050049","0.7391026020050049","0.7391026020050049"
"404","","","","","","","420","420","420","0.7395243644714355","0.7395243644714355","0.7395243644714355"
"405","","","","","","","421","421","421","0.7353267669677734","0.7353267669677734","0.7353267669677734"
"406","","","","","","","422","422","422","0.7169202566146851","0.7169202566146851","0.7169202566146851"
"407","","","","","","","423","423","423","0.6898950338363647","0.6898950338363647","0.6898950338363647"
"408","","","","","","","424","424","424","0.7271085381507874","0.7271085381507874","0.7271085381507874"
"409","","","","","","","425","425","425","0.7602087259292603","0.7602087259292603","0.7602087259292603"
"410","","","","","","","426","426","426","0.7710625529289246","0.7710625529289246","0.7710625529289246"
"411","","","","","","","427","427","427","0.749614953994751","0.749614953994751","0.749614953994751"
"412","","","","","","","428","428","428","0.7264060974121094","0.7264060974121094","0.7264060974121094"
"413","","","","","","","429","429","429","0.7207754850387573","0.7207754850387573","0.7207754850387573"
"414","","","","","","","430","430","430","0.7105135917663574","0.7105135917663574","0.7105135917663574"
"415","","","","","","","431","431","431","0.7109091281890869","0.7109091281890869","0.7109091281890869"
"416","","","","","","","432","432","432","0.6924216747283936","0.6924216747283936","0.6924216747283936"
"417","","","","","","","433","433","433","0.6891497373580933","0.6891497373580933","0.6891497373580933"
"418","","","","","","","434","434","434","0.7005236148834229","0.7005236148834229","0.7005236148834229"
"419","","","","","","","435","435","435","0.7110660076141357","0.7110660076141357","0.7110660076141357"
"420","","","","","","","436","436","436","0.7275400161743164","0.7275400161743164","0.7275400161743164"
"421","","","","","","","437","437","437","0.7654224634170532","0.7654224634170532","0.7654224634170532"
"422","","","","","","","438","438","438","0.7779886722564697","0.7779886722564697","0.7779886722564697"
"423","","","","","","","439","439","439","0.7755131721496582","0.7755131721496582","0.7755131721496582"
"424","","","","","","","441","441","441","0.7737536430358887","0.7737536430358887","0.7737536430358887"
"425","","","","","","","442","442","442","0.7687146663665771","0.7687146663665771","0.7687146663665771"
"426","","","","","","","443","443","443","0.7272655367851257","0.7272655367851257","0.7272655367851257"
"427","","","","","","","444","444","444","0.6724454760551453","0.6724454760551453","0.6724454760551453"
"428","","","","","","","445","445","445","0.6436125040054321","0.6436125040054321","0.6436125040054321"
"429","","","","","","","446","446","446","0.6529827117919922","0.6529827117919922","0.6529827117919922"
"430","","","","","","","447","447","447","0.6796131134033203","0.6796131134033203","0.6796131134033203"
"431","","","","","","","448","448","448","0.689150333404541","0.689150333404541","0.689150333404541"
"432","","","","","","","449","449","449","0.7020730376243591","0.7020730376243591","0.7020730376243591"
"433","","","","","","","450","450","450","0.7056474089622498","0.7056474089622498","0.7056474089622498"
"434","","","","","","","451","451","451","0.7006211280822754","0.7006211280822754","0.7006211280822754"
"435","","","","","","","452","452","452","0.7076292037963867","0.7076292037963867","0.7076292037963867"
"436","","","","","","","453","453","453","0.7099916934967041","0.7099916934967041","0.7099916934967041"
"437","","","","","","","454","454","454","0.7157665491104126","0.7157665491104126","0.7157665491104126"
"438","","","","","","","455","455","455","0.7182947397232056","0.7182947397232056","0.7182947397232056"
"439","","","","","","","456","456","456","0.7155115604400635","0.7155115604400635","0.7155115604400635"
"440","","","","","","","457","457","457","0.6972993612289429","0.6972993612289429","0.6972993612289429"
"441","","","","","","","458","458","458","0.6987618207931519","0.6987618207931519","0.6987618207931519"
"442","","","","","","","459","459","459","0.7088770270347595","0.7088770270347595","0.7088770270347595"
"443","","","","","","","460","460","460","0.7118368148803711","0.7118368148803711","0.7118368148803711"
"444","","","","","","","461","461","461","0.7254648208618164","0.7254648208618164","0.7254648208618164"
"445","","","","","","","462","462","462","0.7347539663314819","0.7347539663314819","0.7347539663314819"
"446","","","","","","","463","463","463","0.7402157783508301","0.7402157783508301","0.7402157783508301"
"447","","","","","","","464","464","464","0.740817666053772","0.740817666053772","0.740817666053772"
"448","","","","","","","465","465","465","0.7364318370819092","0.7364318370819092","0.7364318370819092"
"449","","","","","","","467","467","467","0.7264132499694824","0.7264132499694824","0.7264132499694824"
"450","","","","","","","468","468","468","0.731326162815094","0.731326162815094","0.731326162815094"
"451","","","","","","","469","469","469","0.7354568243026733","0.7354568243026733","0.7354568243026733"
"452","","","","","","","470","470","470","0.7355290651321411","0.7355290651321411","0.7355290651321411"
"453","","","","","","","471","471","471","0.7307395935058594","0.7307395935058594","0.7307395935058594"
"454","","","","","","","472","472","472","0.726067304611206","0.726067304611206","0.726067304611206"
"455","","","","","","","473","473","473","0.7079706192016602","0.7079706192016602","0.7079706192016602"
"456","","","","","","","474","474","474","0.6997864842414856","0.6997864842414856","0.6997864842414856"
"457","","","","","","","475","475","475","0.690807580947876","0.690807580947876","0.690807580947876"
"458","","","","","","","476","476","476","0.7133179903030396","0.7133179903030396","0.7133179903030396"
"459","","","","","","","477","477","477","0.7284963130950928","0.7284963130950928","0.7284963130950928"
"460","","","","","","","478","478","478","0.7359298467636108","0.7359298467636108","0.7359298467636108"
"461","","","","","","","479","479","479","0.7353756427764893","0.7353756427764893","0.7353756427764893"
"462","","","","","","","480","480","480","0.7231533527374268","0.7231533527374268","0.7231533527374268"
"463","","","","","","","481","481","481","0.7065650820732117","0.7065650820732117","0.7065650820732117"
"464","","","","","","","482","482","482","0.6947926878929138","0.6947926878929138","0.6947926878929138"
"465","","","","","","","483","483","483","0.6957459449768066","0.6957459449768066","0.6957459449768066"
"466","","","","","","","484","484","484","0.7108026742935181","0.7108026742935181","0.7108026742935181"
"467","","","","","","","485","485","485","0.7247648239135742","0.7247648239135742","0.7247648239135742"
"468","","","","","","","486","486","486","0.7167958617210388","0.7167958617210388","0.7167958617210388"
"469","","","","","","","487","487","487","0.7036522626876831","0.7036522626876831","0.7036522626876831"
"470","","","","","","","488","488","488","0.6907206773757935","0.6907206773757935","0.6907206773757935"
"471","","","","","","","489","489","489","0.6874518394470215","0.6874518394470215","0.6874518394470215"
"472","","","","","","","490","490","490","0.6892479658126831","0.6892479658126831","0.6892479658126831"
"473","","","","","","","491","491","491","0.6858351826667786","0.6858351826667786","0.6858351826667786"
"474","","","","","","","493","493","493","0.6710028052330017","0.6710028052330017","0.6710028052330017"
"475","","","","","","","494","494","494","0.6105222702026367","0.6105222702026367","0.6105222702026367"
"476","","","","","","","495","495","495","0.5953468680381775","0.5953468680381775","0.5953468680381775"
"477","","","","","","","496","496","496","0.6270543932914734","0.6270543932914734","0.6270543932914734"
"478","","","","","","","497","497","497","0.6552681922912598","0.6552681922912598","0.6552681922912598"
"479","","","","","","","498","498","498","0.6624714732170105","0.6624714732170105","0.6624714732170105"
"480","","","","","","","499","499","499","0.651064932346344","0.651064932346344","0.651064932346344"
"481","","","","","","","500","500","500","0.6426843404769897","0.6426843404769897","0.6426843404769897"
"482","","","","","","","501","501","501","0.6437649726867676","0.6437649726867676","0.6437649726867676"
"483","","","","","","","502","502","502","0.646318793296814","0.646318793296814","0.646318793296814"
"484","","","","","","","503","503","503","0.64754319190979","0.64754319190979","0.64754319190979"
"485","","","","","","","504","504","504","0.6764082312583923","0.6764082312583923","0.6764082312583923"
"486","","","","","","","505","505","505","0.7066876888275146","0.7066876888275146","0.7066876888275146"
"487","","","","","","","506","506","506","0.7128200531005859","0.7128200531005859","0.7128200531005859"
"488","","","","","","","507","507","507","0.713537871837616","0.713537871837616","0.713537871837616"
"489","","","","","","","508","508","508","0.7154419422149658","0.7154419422149658","0.7154419422149658"
"490","","","","","","","509","509","509","0.7063155174255371","0.7063155174255371","0.7063155174255371"
"491","","","","","","","510","510","510","0.6929284334182739","0.6929284334182739","0.6929284334182739"
"492","","","","","","","511","511","511","0.6922503709793091","0.6922503709793091","0.6922503709793091"
"493","","","","","","","512","512","512","0.7002941966056824","0.7002941966056824","0.7002941966056824"
"494","","","","","","","513","513","513","0.7014473676681519","0.7014473676681519","0.7014473676681519"
"495","","","","","","","514","514","514","0.7020838260650635","0.7020838260650635","0.7020838260650635"
"496","","","","","","","515","515","515","0.7107166647911072","0.7107166647911072","0.7107166647911072"
"497","","","","","","","516","516","516","0.7249411344528198","0.7249411344528198","0.7249411344528198"
"498","","","","","","","517","517","517","0.7337799668312073","0.7337799668312073","0.7337799668312073"
"499","","","","","","","519","519","519","0.7306052446365356","0.7306052446365356","0.7306052446365356"
"500","","","","","","","520","520","520","0.7175328731536865","0.7175328731536865","0.7175328731536865"
"501","","","","","","","521","521","521","0.7055643796920776","0.7055643796920776","0.7055643796920776"
"502","","","","","","","522","522","522","0.7064400315284729","0.7064400315284729","0.7064400315284729"
"503","","","","","","","523","523","523","0.717422366142273","0.717422366142273","0.717422366142273"
"504","","","","","","","524","524","524","0.7170851826667786","0.7170851826667786","0.7170851826667786"
"505","","","","","","","525","525","525","0.7076935768127441","0.7076935768127441","0.7076935768127441"
"506","","","","","","","526","526","526","0.6964337825775146","0.6964337825775146","0.6964337825775146"
"507","","","","","","","527","527","527","0.6826808452606201","0.6826808452606201","0.6826808452606201"
"508","","","","","","","528","528","528","0.6786516904830933","0.6786516904830933","0.6786516904830933"
"509","","","","","","","529","529","529","0.6840009093284607","0.6840009093284607","0.6840009093284607"
"510","","","","","","","530","530","530","0.6747288703918457","0.6747288703918457","0.6747288703918457"
"511","","","","","","","531","531","531","0.6592808961868286","0.6592808961868286","0.6592808961868286"
"512","","","","","","","532","532","532","0.6534048914909363","0.6534048914909363","0.6534048914909363"
"513","","","","","","","533","533","533","0.6645617485046387","0.6645617485046387","0.6645617485046387"
"514","","","","","","","534","534","534","0.6623375415802002","0.6623375415802002","0.6623375415802002"
"515","","","","","","","535","535","535","0.6681637167930603","0.6681637167930603","0.6681637167930603"
"516","","","","","","","536","536","536","0.6828588247299194","0.6828588247299194","0.6828588247299194"
"517","","","","","","","537","537","537","0.6895824670791626","0.6895824670791626","0.6895824670791626"
"518","","","","","","","538","538","538","0.6944095492362976","0.6944095492362976","0.6944095492362976"
"519","","","","","","","539","539","539","0.6920632123947144","0.6920632123947144","0.6920632123947144"
"520","","","","","","","540","540","540","0.6973999738693237","0.6973999738693237","0.6973999738693237"
"521","","","","","","","541","541","541","0.7067400217056274","0.7067400217056274","0.7067400217056274"
"522","","","","","","","542","542","542","0.7037463784217834","0.7037463784217834","0.7037463784217834"
"523","","","","","","","543","543","543","0.6862731575965881","0.6862731575965881","0.6862731575965881"
"524","","","","","","","545","545","545","0.6693829894065857","0.6693829894065857","0.6693829894065857"
"525","","","","","","","546","546","546","0.6655950546264648","0.6655950546264648","0.6655950546264648"
"526","","","","","","","547","547","547","0.6752834320068359","0.6752834320068359","0.6752834320068359"
"527","","","","","","","548","548","548","0.6897408962249756","0.6897408962249756","0.6897408962249756"
"528","","","","","","","549","549","549","0.7039119601249695","0.7039119601249695","0.7039119601249695"
"529","","","","","","","550","550","550","0.69373619556427","0.69373619556427","0.69373619556427"
"530","","","","","","","551","551","551","0.6826751232147217","0.6826751232147217","0.6826751232147217"
"531","","","","","","","552","552","552","0.687500536441803","0.687500536441803","0.687500536441803"
"532","","","","","","","553","553","553","0.7053908109664917","0.7053908109664917","0.7053908109664917"
"533","","","","","","","554","554","554","0.7112149596214294","0.7112149596214294","0.7112149596214294"
"534","","","","","","","555","555","555","0.7089705467224121","0.7089705467224121","0.7089705467224121"
"535","","","","","","","556","556","556","0.7070304155349731","0.7070304155349731","0.7070304155349731"
"536","","","","","","","557","557","557","0.6869674921035767","0.6869674921035767","0.6869674921035767"
"537","","","","","","","558","558","558","0.6756464242935181","0.6756464242935181","0.6756464242935181"
"538","","","","","","","559","559","559","0.6762043237686157","0.6762043237686157","0.6762043237686157"
"539","","","","","","","560","560","560","0.6800483465194702","0.6800483465194702","0.6800483465194702"
"540","","","","","","","561","561","561","0.6803974509239197","0.6803974509239197","0.6803974509239197"
"541","","","","","","","562","562","562","0.6810659170150757","0.6810659170150757","0.6810659170150757"
"542","","","","","","","563","563","563","0.6857675909996033","0.6857675909996033","0.6857675909996033"
"543","","","","","","","564","564","564","0.6962764859199524","0.6962764859199524","0.6962764859199524"
"544","","","","","","","565","565","565","0.6976444125175476","0.6976444125175476","0.6976444125175476"
"545","","","","","","","566","566","566","0.6936014890670776","0.6936014890670776","0.6936014890670776"
"546","","","","","","","567","567","567","0.691769003868103","0.691769003868103","0.691769003868103"
"547","","","","","","","568","568","568","0.6767870187759399","0.6767870187759399","0.6767870187759399"
"548","","","","","","","569","569","569","0.6766659021377563","0.6766659021377563","0.6766659021377563"
"549","","","","","","","571","571","571","0.6882855296134949","0.6882855296134949","0.6882855296134949"
"550","","","","","","","572","572","572","0.7034319639205933","0.7034319639205933","0.7034319639205933"
"551","","","","","","","573","573","573","0.7174299955368042","0.7174299955368042","0.7174299955368042"
"552","","","","","","","574","574","574","0.7179907560348511","0.7179907560348511","0.7179907560348511"
"553","","","","","","","575","575","575","0.712585985660553","0.712585985660553","0.712585985660553"
"554","","","","","","","576","576","576","0.7049718499183655","0.7049718499183655","0.7049718499183655"
"555","","","","","","","577","577","577","0.7045940160751343","0.7045940160751343","0.7045940160751343"
"556","","","","","","","578","578","578","0.7110415697097778","0.7110415697097778","0.7110415697097778"
"557","","","","","","","579","579","579","0.7108767032623291","0.7108767032623291","0.7108767032623291"
"558","","","","","","","580","580","580","0.709291934967041","0.709291934967041","0.709291934967041"
"559","","","","","","","581","581","581","0.7108949422836304","0.7108949422836304","0.7108949422836304"
"560","","","","","","","582","582","582","0.7116249799728394","0.7116249799728394","0.7116249799728394"
"561","","","","","","","583","583","583","0.7177028656005859","0.7177028656005859","0.7177028656005859"
"562","","","","","","","584","584","584","0.7199049592018127","0.7199049592018127","0.7199049592018127"
"563","","","","","","","585","585","585","0.7258349061012268","0.7258349061012268","0.7258349061012268"
"564","","","","","","","586","586","586","0.729958713054657","0.729958713054657","0.729958713054657"
"565","","","","","","","587","587","587","0.7274752855300903","0.7274752855300903","0.7274752855300903"
"566","","","","","","","588","588","588","0.7292378544807434","0.7292378544807434","0.7292378544807434"
"567","","","","","","","589","589","589","0.732247531414032","0.732247531414032","0.732247531414032"
"568","","","","","","","590","590","590","0.7367925643920898","0.7367925643920898","0.7367925643920898"
"569","","","","","","","591","591","591","0.7329400777816772","0.7329400777816772","0.7329400777816772"
"570","","","","","","","592","592","592","0.7299361228942871","0.7299361228942871","0.7299361228942871"
"571","","","","","","","593","593","593","0.7226824760437012","0.7226824760437012","0.7226824760437012"
"572","","","","","","","594","594","594","0.7201012969017029","0.7201012969017029","0.7201012969017029"
"573","","","","","","","595","595","595","0.7233353853225708","0.7233353853225708","0.7233353853225708"
"574","","","","","","","597","597","597","0.7203587293624878","0.7203587293624878","0.7203587293624878"
"575","","","","","","","598","598","598","0.7101205587387085","0.7101205587387085","0.7101205587387085"
"576","","","","","","","599","599","599","0.704473614692688","0.704473614692688","0.704473614692688"
"577","","","","","","","600","600","600","0.6941260099411011","0.6941260099411011","0.6941260099411011"
"578","","","","","","","601","601","601","0.6870772838592529","0.6870772838592529","0.6870772838592529"
"579","","","","","","","602","602","602","0.6745367646217346","0.6745367646217346","0.6745367646217346"
"580","","","","","","","603","603","603","0.68369460105896","0.68369460105896","0.68369460105896"
"581","","","","","","","604","604","604","0.6950019598007202","0.6950019598007202","0.6950019598007202"
"582","","","","","","","605","605","605","0.6972308158874512","0.6972308158874512","0.6972308158874512"
"583","","","","","","","606","606","606","0.697447657585144","0.697447657585144","0.697447657585144"
"584","","","","","","","607","607","607","0.7072139978408813","0.7072139978408813","0.7072139978408813"
"585","","","","","","","608","608","608","0.7250947952270508","0.7250947952270508","0.7250947952270508"
"586","","","","","","","609","609","609","0.7373054623603821","0.7373054623603821","0.7373054623603821"
"587","","","","","","","610","610","610","0.7402710318565369","0.7402710318565369","0.7402710318565369"
"588","","","","","","","611","611","611","0.7329668998718262","0.7329668998718262","0.7329668998718262"
"589","","","","","","","612","612","612","0.7302833199501038","0.7302833199501038","0.7302833199501038"
"590","","","","","","","613","613","613","0.7335136532783508","0.7335136532783508","0.7335136532783508"
"591","","","","","","","614","614","614","0.7359566688537598","0.7359566688537598","0.7359566688537598"
"592","","","","","","","615","615","615","0.734367847442627","0.734367847442627","0.734367847442627"
"593","","","","","","","616","616","616","0.7302688360214233","0.7302688360214233","0.7302688360214233"
"594","","","","","","","617","617","617","0.7285289764404297","0.7285289764404297","0.7285289764404297"
"595","","","","","","","618","618","618","0.7268337607383728","0.7268337607383728","0.7268337607383728"
"596","","","","","","","619","619","619","0.7194391489028931","0.7194391489028931","0.7194391489028931"
"597","","","","","","","620","620","620","0.7054073810577393","0.7054073810577393","0.7054073810577393"
"598","","","","","","","621","621","621","0.7000869512557983","0.7000869512557983","0.7000869512557983"
"599","","","","","","","623","623","623","0.7102998495101929","0.7102998495101929","0.7102998495101929"
"600","","","","","","","624","624","624","0.6964926719665527","0.6964926719665527","0.6964926719665527"
"601","","","","","","","625","625","625","0.6917263269424438","0.6917263269424438","0.6917263269424438"
"602","","","","","","","626","626","626","0.7100057005882263","0.7100057005882263","0.7100057005882263"
"603","","","","","","","627","627","627","0.7164384722709656","0.7164384722709656","0.7164384722709656"
"604","","","","","","","628","628","628","0.7131121754646301","0.7131121754646301","0.7131121754646301"
"605","","","","","","","629","629","629","0.7089508771896362","0.7089508771896362","0.7089508771896362"
"606","","","","","","","630","630","630","0.7059439420700073","0.7059439420700073","0.7059439420700073"
"607","","","","","","","631","631","631","0.7057815790176392","0.7057815790176392","0.7057815790176392"
"608","","","","","","","632","632","632","0.6995373964309692","0.6995373964309692","0.6995373964309692"
"609","","","","","","","633","633","633","0.7037156820297241","0.7037156820297241","0.7037156820297241"
"610","","","","","","","634","634","634","0.6993565559387207","0.6993565559387207","0.6993565559387207"
"611","","","","","","","635","635","635","0.6887235641479492","0.6887235641479492","0.6887235641479492"
"612","","","","","","","636","636","636","0.6732136607170105","0.6732136607170105","0.6732136607170105"
"613","","","","","","","637","637","637","0.674665093421936","0.674665093421936","0.674665093421936"
"614","","","","","","","638","638","638","0.6818106174468994","0.6818106174468994","0.6818106174468994"
"615","","","","","","","639","639","639","0.6913396120071411","0.6913396120071411","0.6913396120071411"
"616","","","","","","","640","640","640","0.6971008777618408","0.6971008777618408","0.6971008777618408"
"617","","","","","","","641","641","641","0.6963279247283936","0.6963279247283936","0.6963279247283936"
"618","","","","","","","642","642","642","0.688776969909668","0.688776969909668","0.688776969909668"
"619","","","","","","","643","643","643","0.684443473815918","0.684443473815918","0.684443473815918"
"620","","","","","","","644","644","644","0.6974630951881409","0.6974630951881409","0.6974630951881409"
"621","","","","","","","645","645","645","0.7109140157699585","0.7109140157699585","0.7109140157699585"
"622","","","","","","","646","646","646","0.7090208530426025","0.7090208530426025","0.7090208530426025"
"623","","","","","","","647","647","647","0.6971201300621033","0.6971201300621033","0.6971201300621033"
"624","","","","","","","649","649","649","0.6810828447341919","0.6810828447341919","0.6810828447341919"
"625","","","","","","","650","650","650","0.6927220821380615","0.6927220821380615","0.6927220821380615"
"626","","","","","","","651","651","651","0.7015500068664551","0.7015500068664551","0.7015500068664551"
"627","","","","","","","652","652","652","0.7049880027770996","0.7049880027770996","0.7049880027770996"
"628","","","","","","","653","653","653","0.6890208125114441","0.6890208125114441","0.6890208125114441"
"629","","","","","","","654","654","654","0.6793571710586548","0.6793571710586548","0.6793571710586548"
"630","","","","","","","655","655","655","0.7062690258026123","0.7062690258026123","0.7062690258026123"
"631","","","","","","","656","656","656","0.7114414572715759","0.7114414572715759","0.7114414572715759"
"632","","","","","","","657","657","657","0.7039058208465576","0.7039058208465576","0.7039058208465576"
"633","","","","","","","658","658","658","0.6995700597763062","0.6995700597763062","0.6995700597763062"
"634","","","","","","","659","659","659","0.6972127556800842","0.6972127556800842","0.6972127556800842"
"635","","","","","","","660","660","660","0.7005387544631958","0.7005387544631958","0.7005387544631958"
"636","","","","","","","661","661","661","0.7018134593963623","0.7018134593963623","0.7018134593963623"
"637","","","","","","","662","662","662","0.6974003314971924","0.6974003314971924","0.6974003314971924"
"638","","","","","","","663","663","663","0.6978839635848999","0.6978839635848999","0.6978839635848999"
"639","","","","","","","664","664","664","0.7031887769699097","0.7031887769699097","0.7031887769699097"
"640","","","","","","","665","665","665","0.6969138383865356","0.6969138383865356","0.6969138383865356"
"641","","","","","","","666","666","666","0.6978292465209961","0.6978292465209961","0.6978292465209961"
"642","","","","","","","667","667","667","0.6926451921463013","0.6926451921463013","0.6926451921463013"
"643","","","","","","","668","668","668","0.6834567189216614","0.6834567189216614","0.6834567189216614"
"644","","","","","","","669","669","669","0.6699151992797852","0.6699151992797852","0.6699151992797852"
"645","","","","","","","670","670","670","0.638868510723114","0.638868510723114","0.638868510723114"
"646","","","","","","","671","671","671","0.6677324175834656","0.6677324175834656","0.6677324175834656"
"647","","","","","","","672","672","672","0.7013922929763794","0.7013922929763794","0.7013922929763794"
"648","","","","","","","673","673","673","0.7195980548858643","0.7195980548858643","0.7195980548858643"
"649","","","","","","","675","675","675","0.7424012422561646","0.7424012422561646","0.7424012422561646"
"650","","","","","","","676","676","676","0.7015476226806641","0.7015476226806641","0.7015476226806641"
"651","","","","","","","677","677","677","0.6727043390274048","0.6727043390274048","0.6727043390274048"
"652","","","","","","","678","678","678","0.6414216756820679","0.6414216756820679","0.6414216756820679"
"653","","","","","","","679","679","679","0.6313365697860718","0.6313365697860718","0.6313365697860718"
"654","","","","","","","680","680","680","0.631083607673645","0.631083607673645","0.631083607673645"
"655","","","","","","","681","681","681","0.6387051343917847","0.6387051343917847","0.6387051343917847"
"656","","","","","","","682","682","682","0.6483285427093506","0.6483285427093506","0.6483285427093506"
"657","","","","","","","683","683","683","0.642879843711853","0.642879843711853","0.642879843711853"
"658","","","","","","","684","684","684","0.6429804563522339","0.6429804563522339","0.6429804563522339"
"659","","","","","","","685","685","685","0.645156979560852","0.645156979560852","0.645156979560852"
"660","","","","","","","686","686","686","0.6581255197525024","0.6581255197525024","0.6581255197525024"
"661","","","","","","","687","687","687","0.6657220125198364","0.6657220125198364","0.6657220125198364"
"662","","","","","","","688","688","688","0.6694292426109314","0.6694292426109314","0.6694292426109314"
"663","","","","","","","689","689","689","0.6788021326065063","0.6788021326065063","0.6788021326065063"
"664","","","","","","","690","690","690","0.6811099052429199","0.6811099052429199","0.6811099052429199"
"665","","","","","","","691","691","691","0.6805265545845032","0.6805265545845032","0.6805265545845032"
"666","","","","","","","692","692","692","0.6809133887290955","0.6809133887290955","0.6809133887290955"
"667","","","","","","","693","693","693","0.6779683232307434","0.6779683232307434","0.6779683232307434"
"668","","","","","","","694","694","694","0.6723216772079468","0.6723216772079468","0.6723216772079468"
"669","","","","","","","695","695","695","0.6851521730422974","0.6851521730422974","0.6851521730422974"
"670","","","","","","","696","696","696","0.6921879053115845","0.6921879053115845","0.6921879053115845"
"671","","","","","","","697","697","697","0.7010616064071655","0.7010616064071655","0.7010616064071655"
"672","","","","","","","698","698","698","0.7065392732620239","0.7065392732620239","0.7065392732620239"
"673","","","","","","","699","699","699","0.7007607221603394","0.7007607221603394","0.7007607221603394"
"674","","","","","","","701","701","701","0.6855838298797607","0.6855838298797607","0.6855838298797607"
"675","","","","","","","702","702","702","0.6913564205169678","0.6913564205169678","0.6913564205169678"
"676","","","","","","","703","703","703","0.6985399723052979","0.6985399723052979","0.6985399723052979"
"677","","","","","","","704","704","704","0.7088923454284668","0.7088923454284668","0.7088923454284668"
"678","","","","","","","705","705","705","0.7154910564422607","0.7154910564422607","0.7154910564422607"
"679","","","","","","","706","706","706","0.7109245657920837","0.7109245657920837","0.7109245657920837"
"680","","","","","","","707","707","707","0.7080586552619934","0.7080586552619934","0.7080586552619934"
"681","","","","","","","708","708","708","0.7007933855056763","0.7007933855056763","0.7007933855056763"
"682","","","","","","","709","709","709","0.6956678628921509","0.6956678628921509","0.6956678628921509"
"683","","","","","","","710","710","710","0.6970902681350708","0.6970902681350708","0.6970902681350708"
"684","","","","","","","711","711","711","0.701116144657135","0.701116144657135","0.701116144657135"
"685","","","","","","","712","712","712","0.699193000793457","0.699193000793457","0.699193000793457"
"686","","","","","","","713","713","713","0.7016249895095825","0.7016249895095825","0.7016249895095825"
"687","","","","","","","714","714","714","0.7181212902069092","0.7181212902069092","0.7181212902069092"
"688","","","","","","","715","715","715","0.7271959781646729","0.7271959781646729","0.7271959781646729"
"689","","","","","","","716","716","716","0.7299460172653198","0.7299460172653198","0.7299460172653198"
"690","","","","","","","717","717","717","0.7219113707542419","0.7219113707542419","0.7219113707542419"
"691","","","","","","","718","718","718","0.7068762183189392","0.7068762183189392","0.7068762183189392"
"692","","","","","","","719","719","719","0.6916241645812988","0.6916241645812988","0.6916241645812988"
"693","","","","","","","720","720","720","0.7021470069885254","0.7021470069885254","0.7021470069885254"
"694","","","","","","","721","721","721","0.7168340682983398","0.7168340682983398","0.7168340682983398"
"695","","","","","","","722","722","722","0.7192572355270386","0.7192572355270386","0.7192572355270386"
"696","","","","","","","723","723","723","0.7235416173934937","0.7235416173934937","0.7235416173934937"
"697","","","","","","","724","724","724","0.7288492918014526","0.7288492918014526","0.7288492918014526"
"698","","","","","","","725","725","725","0.7390449047088623","0.7390449047088623","0.7390449047088623"
"699","","","","","","","727","727","727","0.7646807432174683","0.7646807432174683","0.7646807432174683"
"700","","","","","","","730","730","730","0.7778115272521973","0.7778115272521973","0.7778115272521973"