"epoch","_data_uncorrected_r1_deeplabv3plus - _step","_data_uncorrected_r1_deeplabv3plus - _step__MIN","_data_uncorrected_r1_deeplabv3plus - _step__MAX","_data_uncorrected_r1_deeplabv3plus - valid_dataset_iou","_data_uncorrected_r1_deeplabv3plus - valid_dataset_iou__MIN","_data_uncorrected_r1_deeplabv3plus - valid_dataset_iou__MAX","_data_uncorrected_r1_unet - _step","_data_uncorrected_r1_unet - _step__MIN","_data_uncorrected_r1_unet - _step__MAX","_data_uncorrected_r1_unet - valid_dataset_iou","_data_uncorrected_r1_unet - valid_dataset_iou__MIN","_data_uncorrected_r1_unet - valid_dataset_iou__MAX","_data_uncorrected_r1_unetplusplus - _step","_data_uncorrected_r1_unetplusplus - _step__MIN","_data_uncorrected_r1_unetplusplus - _step__MAX","_data_uncorrected_r1_unetplusplus - valid_dataset_iou","_data_uncorrected_r1_unetplusplus - valid_dataset_iou__MIN","_data_uncorrected_r1_unetplusplus - valid_dataset_iou__MAX","_data_uncorrected_r1_manet - _step","_data_uncorrected_r1_manet - _step__MIN","_data_uncorrected_r1_manet - _step__MAX","_data_uncorrected_r1_manet - valid_dataset_iou","_data_uncorrected_r1_manet - valid_dataset_iou__MIN","_data_uncorrected_r1_manet - valid_dataset_iou__MAX","_data_uncorrected_r1_pspnet - _step","_data_uncorrected_r1_pspnet - _step__MIN","_data_uncorrected_r1_pspnet - _step__MAX","_data_uncorrected_r1_pspnet - valid_dataset_iou","_data_uncorrected_r1_pspnet - valid_dataset_iou__MIN","_data_uncorrected_r1_pspnet - valid_dataset_iou__MAX"
"0","0","0","0","0.10933558642864227","0.10933558642864227","0.10933558642864227","0","0","0","0.10932835936546326","0.10932835936546326","0.10932835936546326","0","0","0","0.10933440178632736","0.10933440178632736","0.10933440178632736","0","0","0","0.10933089256286621","0.10933089256286621","0.10933089256286621","0","0","0","0.1093163713812828","0.1093163713812828","0.1093163713812828"
"1","2","2","2","0.1333218514919281","0.1333218514919281","0.1333218514919281","2","2","2","0.13270306587219238","0.13270306587219238","0.13270306587219238","2","2","2","0.13288024067878723","0.13288024067878723","0.13288024067878723","2","2","2","0.13260480761528015","0.13260480761528015","0.13260480761528015","2","2","2","0.1330350935459137","0.1330350935459137","0.1330350935459137"
"2","4","4","4","0.1463405340909958","0.1463405340909958","0.1463405340909958","4","4","4","0.14527177810668945","0.14527177810668945","0.14527177810668945","4","4","4","0.14518554508686066","0.14518554508686066","0.14518554508686066","4","4","4","0.14513975381851196","0.14513975381851196","0.14513975381851196","4","4","4","0.1462734490633011","0.1462734490633011","0.1462734490633011"
"3","6","6","6","0.15825727581977844","0.15825727581977844","0.15825727581977844","6","6","6","0.1598912477493286","0.1598912477493286","0.1598912477493286","6","6","6","0.15915052592754364","0.15915052592754364","0.15915052592754364","6","6","6","0.15832030773162842","0.15832030773162842","0.15832030773162842","6","6","6","0.1598033457994461","0.1598033457994461","0.1598033457994461"
"4","8","8","8","0.19369179010391235","0.19369179010391235","0.19369179010391235","8","8","8","0.19544966518878937","0.19544966518878937","0.19544966518878937","8","8","8","0.19411087036132812","0.19411087036132812","0.19411087036132812","8","8","8","0.19321712851524353","0.19321712851524353","0.19321712851524353","8","8","8","0.19810721278190613","0.19810721278190613","0.19810721278190613"
"5","10","10","10","0.24072498083114624","0.24072498083114624","0.24072498083114624","10","10","10","0.24613997340202332","0.24613997340202332","0.24613997340202332","10","10","10","0.2373986542224884","0.2373986542224884","0.2373986542224884","10","10","10","0.24098952114582062","0.24098952114582062","0.24098952114582062","10","10","10","0.24062055349349976","0.24062055349349976","0.24062055349349976"
"6","12","12","12","0.3198953866958618","0.3198953866958618","0.3198953866958618","12","12","12","0.28313785791397095","0.28313785791397095","0.28313785791397095","12","12","12","0.29521918296813965","0.29521918296813965","0.29521918296813965","12","12","12","0.30143457651138306","0.30143457651138306","0.30143457651138306","12","12","12","0.2950553297996521","0.2950553297996521","0.2950553297996521"
"7","14","14","14","0.28882575035095215","0.28882575035095215","0.28882575035095215","14","14","14","0.2733679413795471","0.2733679413795471","0.2733679413795471","14","14","14","0.2704002261161804","0.2704002261161804","0.2704002261161804","14","14","14","0.2819962501525879","0.2819962501525879","0.2819962501525879","14","14","14","0.2892645597457886","0.2892645597457886","0.2892645597457886"
"8","16","16","16","0.3139761686325073","0.3139761686325073","0.3139761686325073","16","16","16","0.3082308769226074","0.3082308769226074","0.3082308769226074","16","16","16","0.32052725553512573","0.32052725553512573","0.32052725553512573","16","16","16","0.3128790259361267","0.3128790259361267","0.3128790259361267","16","16","16","0.3089924454689026","0.3089924454689026","0.3089924454689026"
"9","18","18","18","0.300697922706604","0.300697922706604","0.300697922706604","18","18","18","0.23456500470638275","0.23456500470638275","0.23456500470638275","18","18","18","0.24229887127876282","0.24229887127876282","0.24229887127876282","18","18","18","0.2454884946346283","0.2454884946346283","0.2454884946346283","18","18","18","0.2667877972126007","0.2667877972126007","0.2667877972126007"
"10","20","20","20","0.37979063391685486","0.37979063391685486","0.37979063391685486","20","20","20","0.3326456546783447","0.3326456546783447","0.3326456546783447","20","20","20","0.3299148678779602","0.3299148678779602","0.3299148678779602","20","20","20","0.35250717401504517","0.35250717401504517","0.35250717401504517","20","20","20","0.3793979287147522","0.3793979287147522","0.3793979287147522"
"11","22","22","22","0.3019215762615204","0.3019215762615204","0.3019215762615204","22","22","22","0.3329412341117859","0.3329412341117859","0.3329412341117859","22","22","22","0.3315022587776184","0.3315022587776184","0.3315022587776184","22","22","22","0.33364614844322205","0.33364614844322205","0.33364614844322205","22","22","22","0.3437947928905487","0.3437947928905487","0.3437947928905487"
"12","24","24","24","0.29299625754356384","0.29299625754356384","0.29299625754356384","24","24","24","0.3426024913787842","0.3426024913787842","0.3426024913787842","24","24","24","0.33964353799819946","0.33964353799819946","0.33964353799819946","24","24","24","0.3145136535167694","0.3145136535167694","0.3145136535167694","24","24","24","0.28311580419540405","0.28311580419540405","0.28311580419540405"
"13","26","26","26","0.3137265741825104","0.3137265741825104","0.3137265741825104","26","26","26","0.31037551164627075","0.31037551164627075","0.31037551164627075","26","26","26","0.3111019730567932","0.3111019730567932","0.3111019730567932","26","26","26","0.3001224100589752","0.3001224100589752","0.3001224100589752","26","26","26","0.3029877543449402","0.3029877543449402","0.3029877543449402"
"14","28","28","28","0.31581926345825195","0.31581926345825195","0.31581926345825195","28","28","28","0.28091803193092346","0.28091803193092346","0.28091803193092346","28","28","28","0.2793509364128113","0.2793509364128113","0.2793509364128113","28","28","28","0.2972497344017029","0.2972497344017029","0.2972497344017029","28","28","28","0.24423512816429138","0.24423512816429138","0.24423512816429138"
"15","30","30","30","0.24821221828460693","0.24821221828460693","0.24821221828460693","30","30","30","0.19686530530452728","0.19686530530452728","0.19686530530452728","30","30","30","0.213059663772583","0.213059663772583","0.213059663772583","30","30","30","0.22820158302783966","0.22820158302783966","0.22820158302783966","30","30","30","0.23045063018798828","0.23045063018798828","0.23045063018798828"
"16","32","32","32","0.1712224781513214","0.1712224781513214","0.1712224781513214","32","32","32","0.1683463454246521","0.1683463454246521","0.1683463454246521","32","32","32","0.17323051393032074","0.17323051393032074","0.17323051393032074","32","32","32","0.18566977977752686","0.18566977977752686","0.18566977977752686","32","32","32","0.23407824337482452","0.23407824337482452","0.23407824337482452"
"17","34","34","34","0.17180490493774414","0.17180490493774414","0.17180490493774414","34","34","34","0.13482904434204102","0.13482904434204102","0.13482904434204102","34","34","34","0.14680570363998413","0.14680570363998413","0.14680570363998413","34","34","34","0.1566840410232544","0.1566840410232544","0.1566840410232544","34","34","34","0.19999456405639648","0.19999456405639648","0.19999456405639648"
"18","36","36","36","0.2507922053337097","0.2507922053337097","0.2507922053337097","36","36","36","0.1730041801929474","0.1730041801929474","0.1730041801929474","36","36","36","0.19278651475906372","0.19278651475906372","0.19278651475906372","36","36","36","0.21429003775119781","0.21429003775119781","0.21429003775119781","36","36","36","0.25495922565460205","0.25495922565460205","0.25495922565460205"
"19","38","38","38","0.27698636054992676","0.27698636054992676","0.27698636054992676","38","38","38","0.3009612560272217","0.3009612560272217","0.3009612560272217","38","38","38","0.2965623736381531","0.2965623736381531","0.2965623736381531","38","38","38","0.379541277885437","0.379541277885437","0.379541277885437","38","38","38","0.3505282998085022","0.3505282998085022","0.3505282998085022"
"20","40","40","40","0.20832309126853943","0.20832309126853943","0.20832309126853943","40","40","40","0.3565327525138855","0.3565327525138855","0.3565327525138855","40","40","40","0.316504567861557","0.316504567861557","0.316504567861557","40","40","40","0.4257451295852661","0.4257451295852661","0.4257451295852661","40","40","40","0.337313175201416","0.337313175201416","0.337313175201416"
"21","42","42","42","0.1468607485294342","0.1468607485294342","0.1468607485294342","42","42","42","0.29791057109832764","0.29791057109832764","0.29791057109832764","42","42","42","0.25815510749816895","0.25815510749816895","0.25815510749816895","42","42","42","0.36321544647216797","0.36321544647216797","0.36321544647216797","42","42","42","0.24038679897785187","0.24038679897785187","0.24038679897785187"
"22","44","44","44","0.1590060591697693","0.1590060591697693","0.1590060591697693","44","44","44","0.21413511037826538","0.21413511037826538","0.21413511037826538","44","44","44","0.19728636741638184","0.19728636741638184","0.19728636741638184","44","44","44","0.22859342396259308","0.22859342396259308","0.22859342396259308","44","44","44","0.1865626573562622","0.1865626573562622","0.1865626573562622"
"23","46","46","46","0.19254395365715027","0.19254395365715027","0.19254395365715027","46","46","46","0.16724827885627747","0.16724827885627747","0.16724827885627747","46","46","46","0.18365129828453064","0.18365129828453064","0.18365129828453064","46","46","46","0.1523096114397049","0.1523096114397049","0.1523096114397049","46","46","46","0.1858309805393219","0.1858309805393219","0.1858309805393219"
"24","48","48","48","0.21332627534866333","0.21332627534866333","0.21332627534866333","48","48","48","0.17249080538749695","0.17249080538749695","0.17249080538749695","48","48","48","0.2016286551952362","0.2016286551952362","0.2016286551952362","48","48","48","0.1626933515071869","0.1626933515071869","0.1626933515071869","48","48","48","0.20880341529846191","0.20880341529846191","0.20880341529846191"
"25","50","50","50","0.2293718159198761","0.2293718159198761","0.2293718159198761","50","50","50","0.1981966197490692","0.1981966197490692","0.1981966197490692","50","50","50","0.21274162828922272","0.21274162828922272","0.21274162828922272","50","50","50","0.20776338875293732","0.20776338875293732","0.20776338875293732","50","50","50","0.24122358858585358","0.24122358858585358","0.24122358858585358"
"26","52","52","52","0.22322005033493042","0.22322005033493042","0.22322005033493042","52","52","52","0.21102817356586456","0.21102817356586456","0.21102817356586456","52","52","52","0.210434228181839","0.210434228181839","0.210434228181839","52","52","52","0.22846871614456177","0.22846871614456177","0.22846871614456177","52","52","52","0.25824442505836487","0.25824442505836487","0.25824442505836487"
"27","54","54","54","0.21477356553077698","0.21477356553077698","0.21477356553077698","54","54","54","0.21309344470500946","0.21309344470500946","0.21309344470500946","54","54","54","0.21313147246837616","0.21313147246837616","0.21313147246837616","54","54","54","0.22583070397377014","0.22583070397377014","0.22583070397377014","54","54","54","0.2631402313709259","0.2631402313709259","0.2631402313709259"
"28","56","56","56","0.21365979313850403","0.21365979313850403","0.21365979313850403","56","56","56","0.21857911348342896","0.21857911348342896","0.21857911348342896","56","56","56","0.2249646782875061","0.2249646782875061","0.2249646782875061","56","56","56","0.20985731482505798","0.20985731482505798","0.20985731482505798","56","56","56","0.25944530963897705","0.25944530963897705","0.25944530963897705"
"29","58","58","58","0.203942209482193","0.203942209482193","0.203942209482193","58","58","58","0.22022421658039093","0.22022421658039093","0.22022421658039093","58","58","58","0.23088526725769043","0.23088526725769043","0.23088526725769043","58","58","58","0.1983804851770401","0.1983804851770401","0.1983804851770401","58","58","58","0.24116766452789307","0.24116766452789307","0.24116766452789307"
"30","60","60","60","0.18036523461341858","0.18036523461341858","0.18036523461341858","60","60","60","0.20533770322799683","0.20533770322799683","0.20533770322799683","60","60","60","0.2105019986629486","0.2105019986629486","0.2105019986629486","60","60","60","0.1988934427499771","0.1988934427499771","0.1988934427499771","60","60","60","0.22421053051948547","0.22421053051948547","0.22421053051948547"
"31","62","62","62","0.17722198367118835","0.17722198367118835","0.17722198367118835","62","62","62","0.19226187467575073","0.19226187467575073","0.19226187467575073","62","62","62","0.19384655356407166","0.19384655356407166","0.19384655356407166","62","62","62","0.20790725946426392","0.20790725946426392","0.20790725946426392","62","62","62","0.2332795411348343","0.2332795411348343","0.2332795411348343"
"32","64","64","64","0.20709741115570068","0.20709741115570068","0.20709741115570068","64","64","64","0.19670122861862183","0.19670122861862183","0.19670122861862183","64","64","64","0.19696849584579468","0.19696849584579468","0.19696849584579468","64","64","64","0.22357693314552307","0.22357693314552307","0.22357693314552307","64","64","64","0.26341724395751953","0.26341724395751953","0.26341724395751953"
"33","66","66","66","0.23538823425769806","0.23538823425769806","0.23538823425769806","66","66","66","0.2030068337917328","0.2030068337917328","0.2030068337917328","66","66","66","0.19987556338310242","0.19987556338310242","0.19987556338310242","66","66","66","0.22807323932647705","0.22807323932647705","0.22807323932647705","66","66","66","0.26814207434654236","0.26814207434654236","0.26814207434654236"
"34","68","68","68","0.2434779852628708","0.2434779852628708","0.2434779852628708","68","68","68","0.21025535464286804","0.21025535464286804","0.21025535464286804","68","68","68","0.2003103792667389","0.2003103792667389","0.2003103792667389","68","68","68","0.23667192459106445","0.23667192459106445","0.23667192459106445","68","68","68","0.24611690640449524","0.24611690640449524","0.24611690640449524"
"35","70","70","70","0.2438517063856125","0.2438517063856125","0.2438517063856125","70","70","70","0.2190973460674286","0.2190973460674286","0.2190973460674286","70","70","70","0.21057619154453278","0.21057619154453278","0.21057619154453278","70","70","70","0.24749615788459778","0.24749615788459778","0.24749615788459778","70","70","70","0.25903820991516113","0.25903820991516113","0.25903820991516113"
"36","72","72","72","0.2589849829673767","0.2589849829673767","0.2589849829673767","72","72","72","0.23546917736530304","0.23546917736530304","0.23546917736530304","72","72","72","0.22678448259830475","0.22678448259830475","0.22678448259830475","72","72","72","0.26382842659950256","0.26382842659950256","0.26382842659950256","72","72","72","0.308249831199646","0.308249831199646","0.308249831199646"
"37","74","74","74","0.29014939069747925","0.29014939069747925","0.29014939069747925","74","74","74","0.2507960796356201","0.2507960796356201","0.2507960796356201","74","74","74","0.23581676185131073","0.23581676185131073","0.23581676185131073","74","74","74","0.2884800136089325","0.2884800136089325","0.2884800136089325","74","74","74","0.3299912214279175","0.3299912214279175","0.3299912214279175"
"38","76","76","76","0.3084516227245331","0.3084516227245331","0.3084516227245331","76","76","76","0.275205135345459","0.275205135345459","0.275205135345459","76","76","76","0.2547209560871124","0.2547209560871124","0.2547209560871124","76","76","76","0.3229992091655731","0.3229992091655731","0.3229992091655731","76","76","76","0.3325478434562683","0.3325478434562683","0.3325478434562683"
"39","78","78","78","0.29925113916397095","0.29925113916397095","0.29925113916397095","78","78","78","0.29487472772598267","0.29487472772598267","0.29487472772598267","78","78","78","0.25147509574890137","0.25147509574890137","0.25147509574890137","78","78","78","0.34837111830711365","0.34837111830711365","0.34837111830711365","78","78","78","0.3319650888442993","0.3319650888442993","0.3319650888442993"
"40","80","80","80","0.2948278784751892","0.2948278784751892","0.2948278784751892","80","80","80","0.30938172340393066","0.30938172340393066","0.30938172340393066","80","80","80","0.253438800573349","0.253438800573349","0.253438800573349","80","80","80","0.35978713631629944","0.35978713631629944","0.35978713631629944","80","80","80","0.3470515012741089","0.3470515012741089","0.3470515012741089"
"41","82","82","82","0.3221883177757263","0.3221883177757263","0.3221883177757263","82","82","82","0.32757148146629333","0.32757148146629333","0.32757148146629333","82","82","82","0.27925795316696167","0.27925795316696167","0.27925795316696167","82","82","82","0.35505226254463196","0.35505226254463196","0.35505226254463196","82","82","82","0.3655847907066345","0.3655847907066345","0.3655847907066345"
"42","84","84","84","0.33057886362075806","0.33057886362075806","0.33057886362075806","84","84","84","0.33519047498703003","0.33519047498703003","0.33519047498703003","84","84","84","0.30902040004730225","0.30902040004730225","0.30902040004730225","84","84","84","0.3453899621963501","0.3453899621963501","0.3453899621963501","84","84","84","0.3605530261993408","0.3605530261993408","0.3605530261993408"
"43","86","86","86","0.3408734202384949","0.3408734202384949","0.3408734202384949","86","86","86","0.34976595640182495","0.34976595640182495","0.34976595640182495","86","86","86","0.34281814098358154","0.34281814098358154","0.34281814098358154","86","86","86","0.3695622384548187","0.3695622384548187","0.3695622384548187","86","86","86","0.37914496660232544","0.37914496660232544","0.37914496660232544"
"44","88","88","88","0.3349149823188782","0.3349149823188782","0.3349149823188782","88","88","88","0.36276987195014954","0.36276987195014954","0.36276987195014954","88","88","88","0.3529571294784546","0.3529571294784546","0.3529571294784546","88","88","88","0.3957139253616333","0.3957139253616333","0.3957139253616333","88","88","88","0.400285542011261","0.400285542011261","0.400285542011261"
"45","90","90","90","0.31438156962394714","0.31438156962394714","0.31438156962394714","90","90","90","0.3535469174385071","0.3535469174385071","0.3535469174385071","90","90","90","0.3362722396850586","0.3362722396850586","0.3362722396850586","90","90","90","0.3879162669181824","0.3879162669181824","0.3879162669181824","90","90","90","0.37561625242233276","0.37561625242233276","0.37561625242233276"
"46","92","92","92","0.3370742201805115","0.3370742201805115","0.3370742201805115","92","92","92","0.3603571355342865","0.3603571355342865","0.3603571355342865","92","92","92","0.35925453901290894","0.35925453901290894","0.35925453901290894","92","92","92","0.36713099479675293","0.36713099479675293","0.36713099479675293","92","92","92","0.3719399571418762","0.3719399571418762","0.3719399571418762"
"47","94","94","94","0.3649504780769348","0.3649504780769348","0.3649504780769348","94","94","94","0.3930897116661072","0.3930897116661072","0.3930897116661072","94","94","94","0.39637577533721924","0.39637577533721924","0.39637577533721924","94","94","94","0.3801683187484741","0.3801683187484741","0.3801683187484741","94","94","94","0.3964185118675232","0.3964185118675232","0.3964185118675232"
"48","96","96","96","0.3495228886604309","0.3495228886604309","0.3495228886604309","96","96","96","0.3914417624473572","0.3914417624473572","0.3914417624473572","96","96","96","0.38633695244789124","0.38633695244789124","0.38633695244789124","96","96","96","0.3950948715209961","0.3950948715209961","0.3950948715209961","96","96","96","0.39184099435806274","0.39184099435806274","0.39184099435806274"
"49","98","98","98","0.3130541443824768","0.3130541443824768","0.3130541443824768","98","98","98","0.36026671528816223","0.36026671528816223","0.36026671528816223","98","98","98","0.35118556022644043","0.35118556022644043","0.35118556022644043","98","98","98","0.39354199171066284","0.39354199171066284","0.39354199171066284","98","98","98","0.35607537627220154","0.35607537627220154","0.35607537627220154"
"50","100","100","100","0.3418005108833313","0.3418005108833313","0.3418005108833313","100","100","100","0.3915554881095886","0.3915554881095886","0.3915554881095886","100","100","100","0.3909948468208313","0.3909948468208313","0.3909948468208313","100","100","100","0.4021666944026947","0.4021666944026947","0.4021666944026947","100","100","100","0.37058985233306885","0.37058985233306885","0.37058985233306885"
"51","","","","","","","102","102","102","0.4013926088809967","0.4013926088809967","0.4013926088809967","102","102","102","0.41715699434280396","0.41715699434280396","0.41715699434280396","102","102","102","0.39114293456077576","0.39114293456077576","0.39114293456077576","102","102","102","0.3844892382621765","0.3844892382621765","0.3844892382621765"
"52","","","","","","","104","104","104","0.38787519931793213","0.38787519931793213","0.38787519931793213","104","104","104","0.4233071804046631","0.4233071804046631","0.4233071804046631","104","104","104","0.3791707754135132","0.3791707754135132","0.3791707754135132","104","104","104","0.37785887718200684","0.37785887718200684","0.37785887718200684"
"53","","","","","","","106","106","106","0.3727074861526489","0.3727074861526489","0.3727074861526489","106","106","106","0.39915478229522705","0.39915478229522705","0.39915478229522705","106","106","106","0.3668661415576935","0.3668661415576935","0.3668661415576935","106","106","106","0.35396790504455566","0.35396790504455566","0.35396790504455566"
"54","","","","","","","108","108","108","0.3774603009223938","0.3774603009223938","0.3774603009223938","108","108","108","0.3834720253944397","0.3834720253944397","0.3834720253944397","108","108","108","0.36819154024124146","0.36819154024124146","0.36819154024124146","108","108","108","0.3498660922050476","0.3498660922050476","0.3498660922050476"
"55","","","","","","","110","110","110","0.39169061183929443","0.39169061183929443","0.39169061183929443","110","110","110","0.39891505241394043","0.39891505241394043","0.39891505241394043","110","110","110","0.37242090702056885","0.37242090702056885","0.37242090702056885","110","110","110","0.3742385506629944","0.3742385506629944","0.3742385506629944"
"56","","","","","","","112","112","112","0.3926861882209778","0.3926861882209778","0.3926861882209778","112","112","112","0.42137742042541504","0.42137742042541504","0.42137742042541504","112","112","112","0.380868136882782","0.380868136882782","0.380868136882782","112","112","112","0.384863018989563","0.384863018989563","0.384863018989563"
"57","","","","","","","114","114","114","0.40647387504577637","0.40647387504577637","0.40647387504577637","114","114","114","0.44510021805763245","0.44510021805763245","0.44510021805763245","114","114","114","0.3980919122695923","0.3980919122695923","0.3980919122695923","114","114","114","0.3924546539783478","0.3924546539783478","0.3924546539783478"
"58","","","","","","","116","116","116","0.4208788275718689","0.4208788275718689","0.4208788275718689","116","116","116","0.4502407908439636","0.4502407908439636","0.4502407908439636","116","116","116","0.41673409938812256","0.41673409938812256","0.41673409938812256","116","116","116","0.38505756855010986","0.38505756855010986","0.38505756855010986"
"59","","","","","","","118","118","118","0.4329313337802887","0.4329313337802887","0.4329313337802887","118","118","118","0.4486820697784424","0.4486820697784424","0.4486820697784424","118","118","118","0.431144654750824","0.431144654750824","0.431144654750824","118","118","118","0.3926106095314026","0.3926106095314026","0.3926106095314026"
"60","","","","","","","120","120","120","0.44623586535453796","0.44623586535453796","0.44623586535453796","120","120","120","0.46969088912010193","0.46969088912010193","0.46969088912010193","120","120","120","0.45074403285980225","0.45074403285980225","0.45074403285980225","120","120","120","0.43214234709739685","0.43214234709739685","0.43214234709739685"
"61","","","","","","","122","122","122","0.43958961963653564","0.43958961963653564","0.43958961963653564","122","122","122","0.46311914920806885","0.46311914920806885","0.46311914920806885","122","122","122","0.4522126019001007","0.4522126019001007","0.4522126019001007","122","122","122","0.4432677626609802","0.4432677626609802","0.4432677626609802"
"62","","","","","","","124","124","124","0.4274718165397644","0.4274718165397644","0.4274718165397644","124","124","124","0.4526093006134033","0.4526093006134033","0.4526093006134033","124","124","124","0.4369051456451416","0.4369051456451416","0.4369051456451416","124","124","124","0.4250642657279968","0.4250642657279968","0.4250642657279968"
"63","","","","","","","126","126","126","0.43439191579818726","0.43439191579818726","0.43439191579818726","126","126","126","0.43441325426101685","0.43441325426101685","0.43441325426101685","126","126","126","0.4205043315887451","0.4205043315887451","0.4205043315887451","126","126","126","0.39554667472839355","0.39554667472839355","0.39554667472839355"
"64","","","","","","","128","128","128","0.44836491346359253","0.44836491346359253","0.44836491346359253","128","128","128","0.4476790130138397","0.4476790130138397","0.4476790130138397","128","128","128","0.41139405965805054","0.41139405965805054","0.41139405965805054","128","128","128","0.3900948762893677","0.3900948762893677","0.3900948762893677"
"65","","","","","","","130","130","130","0.455269992351532","0.455269992351532","0.455269992351532","130","130","130","0.461927592754364","0.461927592754364","0.461927592754364","130","130","130","0.41580668091773987","0.41580668091773987","0.41580668091773987","130","130","130","0.42316868901252747","0.42316868901252747","0.42316868901252747"
"66","","","","","","","132","132","132","0.43961334228515625","0.43961334228515625","0.43961334228515625","132","132","132","0.4457085430622101","0.4457085430622101","0.4457085430622101","132","132","132","0.40789663791656494","0.40789663791656494","0.40789663791656494","132","132","132","0.43288975954055786","0.43288975954055786","0.43288975954055786"
"67","","","","","","","134","134","134","0.4342786371707916","0.4342786371707916","0.4342786371707916","134","134","134","0.4191344380378723","0.4191344380378723","0.4191344380378723","134","134","134","0.3992006778717041","0.3992006778717041","0.3992006778717041","134","134","134","0.4200172424316406","0.4200172424316406","0.4200172424316406"
"68","","","","","","","136","136","136","0.44868627190589905","0.44868627190589905","0.44868627190589905","136","136","136","0.4256852865219116","0.4256852865219116","0.4256852865219116","136","136","136","0.4082360565662384","0.4082360565662384","0.4082360565662384","136","136","136","0.42588797211647034","0.42588797211647034","0.42588797211647034"
"69","","","","","","","138","138","138","0.4461987018585205","0.4461987018585205","0.4461987018585205","138","138","138","0.43116283416748047","0.43116283416748047","0.43116283416748047","138","138","138","0.4109850227832794","0.4109850227832794","0.4109850227832794","138","138","138","0.4446770250797272","0.4446770250797272","0.4446770250797272"
"70","","","","","","","140","140","140","0.43093204498291016","0.43093204498291016","0.43093204498291016","140","140","140","0.41463080048561096","0.41463080048561096","0.41463080048561096","140","140","140","0.39434880018234253","0.39434880018234253","0.39434880018234253","140","140","140","0.44077008962631226","0.44077008962631226","0.44077008962631226"
"71","","","","","","","142","142","142","0.43067410588264465","0.43067410588264465","0.43067410588264465","142","142","142","0.400312602519989","0.400312602519989","0.400312602519989","142","142","142","0.39417165517807007","0.39417165517807007","0.39417165517807007","142","142","142","0.4296187460422516","0.4296187460422516","0.4296187460422516"
"72","","","","","","","144","144","144","0.4192394018173218","0.4192394018173218","0.4192394018173218","144","144","144","0.3882718086242676","0.3882718086242676","0.3882718086242676","144","144","144","0.39656245708465576","0.39656245708465576","0.39656245708465576","144","144","144","0.41492944955825806","0.41492944955825806","0.41492944955825806"
"73","","","","","","","146","146","146","0.4167012572288513","0.4167012572288513","0.4167012572288513","146","146","146","0.4015672504901886","0.4015672504901886","0.4015672504901886","146","146","146","0.40462493896484375","0.40462493896484375","0.40462493896484375","146","146","146","0.431614488363266","0.431614488363266","0.431614488363266"
"74","","","","","","","148","148","148","0.4166073799133301","0.4166073799133301","0.4166073799133301","148","148","148","0.42171937227249146","0.42171937227249146","0.42171937227249146","148","148","148","0.41535884141921997","0.41535884141921997","0.41535884141921997","148","148","148","0.4545886516571045","0.4545886516571045","0.4545886516571045"
"75","","","","","","","150","150","150","0.40321415662765503","0.40321415662765503","0.40321415662765503","150","150","150","0.4278917610645294","0.4278917610645294","0.4278917610645294","150","150","150","0.41212284564971924","0.41212284564971924","0.41212284564971924","150","150","150","0.44269058108329773","0.44269058108329773","0.44269058108329773"
"76","","","","","","","152","152","152","0.40062215924263","0.40062215924263","0.40062215924263","152","152","152","0.42596280574798584","0.42596280574798584","0.42596280574798584","152","152","152","0.40751588344573975","0.40751588344573975","0.40751588344573975","152","152","152","0.4276444613933563","0.4276444613933563","0.4276444613933563"
"77","","","","","","","154","154","154","0.40073615312576294","0.40073615312576294","0.40073615312576294","154","154","154","0.42824363708496094","0.42824363708496094","0.42824363708496094","154","154","154","0.4138108491897583","0.4138108491897583","0.4138108491897583","154","154","154","0.4282468557357788","0.4282468557357788","0.4282468557357788"
"78","","","","","","","156","156","156","0.4060833156108856","0.4060833156108856","0.4060833156108856","156","156","156","0.43352028727531433","0.43352028727531433","0.43352028727531433","156","156","156","0.42910313606262207","0.42910313606262207","0.42910313606262207","156","156","156","0.4467395842075348","0.4467395842075348","0.4467395842075348"
"79","","","","","","","158","158","158","0.4008651077747345","0.4008651077747345","0.4008651077747345","158","158","158","0.4342373013496399","0.4342373013496399","0.4342373013496399","158","158","158","0.4359242022037506","0.4359242022037506","0.4359242022037506","158","158","158","0.45189881324768066","0.45189881324768066","0.45189881324768066"
"80","","","","","","","160","160","160","0.39037370681762695","0.39037370681762695","0.39037370681762695","160","160","160","0.4242684841156006","0.4242684841156006","0.4242684841156006","160","160","160","0.42842286825180054","0.42842286825180054","0.42842286825180054","160","160","160","0.4262600541114807","0.4262600541114807","0.4262600541114807"
"81","","","","","","","162","162","162","0.3822588622570038","0.3822588622570038","0.3822588622570038","162","162","162","0.4104040861129761","0.4104040861129761","0.4104040861129761","162","162","162","0.40809109807014465","0.40809109807014465","0.40809109807014465","162","162","162","0.3915080726146698","0.3915080726146698","0.3915080726146698"
"82","","","","","","","164","164","164","0.38715529441833496","0.38715529441833496","0.38715529441833496","164","164","164","0.4064347743988037","0.4064347743988037","0.4064347743988037","164","164","164","0.401982843875885","0.401982843875885","0.401982843875885","164","164","164","0.3975149393081665","0.3975149393081665","0.3975149393081665"
"83","","","","","","","166","166","166","0.3994118273258209","0.3994118273258209","0.3994118273258209","166","166","166","0.41532081365585327","0.41532081365585327","0.41532081365585327","166","166","166","0.4116703271865845","0.4116703271865845","0.4116703271865845","166","166","166","0.42104822397232056","0.42104822397232056","0.42104822397232056"
"84","","","","","","","168","168","168","0.40479451417922974","0.40479451417922974","0.40479451417922974","168","168","168","0.42295390367507935","0.42295390367507935","0.42295390367507935","168","168","168","0.4215465784072876","0.4215465784072876","0.4215465784072876","168","168","168","0.4181816279888153","0.4181816279888153","0.4181816279888153"
"85","","","","","","","170","170","170","0.4290883243083954","0.4290883243083954","0.4290883243083954","170","170","170","0.4451127052307129","0.4451127052307129","0.4451127052307129","170","170","170","0.43810319900512695","0.43810319900512695","0.43810319900512695","170","170","170","0.4114903211593628","0.4114903211593628","0.4114903211593628"
"86","","","","","","","172","172","172","0.4378013610839844","0.4378013610839844","0.4378013610839844","172","172","172","0.4469568729400635","0.4469568729400635","0.4469568729400635","172","172","172","0.4398307800292969","0.4398307800292969","0.4398307800292969","172","172","172","0.4081960916519165","0.4081960916519165","0.4081960916519165"
"87","","","","","","","174","174","174","0.42013365030288696","0.42013365030288696","0.42013365030288696","174","174","174","0.4355538785457611","0.4355538785457611","0.4355538785457611","174","174","174","0.43565523624420166","0.43565523624420166","0.43565523624420166","174","174","174","0.4180646538734436","0.4180646538734436","0.4180646538734436"
"88","","","","","","","176","176","176","0.4163696765899658","0.4163696765899658","0.4163696765899658","176","176","176","0.4309810400009155","0.4309810400009155","0.4309810400009155","176","176","176","0.4323055148124695","0.4323055148124695","0.4323055148124695","176","176","176","0.424715518951416","0.424715518951416","0.424715518951416"
"89","","","","","","","178","178","178","0.4088858366012573","0.4088858366012573","0.4088858366012573","178","178","178","0.42040759325027466","0.42040759325027466","0.42040759325027466","178","178","178","0.420307457447052","0.420307457447052","0.420307457447052","178","178","178","0.3970721364021301","0.3970721364021301","0.3970721364021301"
"90","","","","","","","180","180","180","0.4386756420135498","0.4386756420135498","0.4386756420135498","180","180","180","0.4442008137702942","0.4442008137702942","0.4442008137702942","180","180","180","0.4275793433189392","0.4275793433189392","0.4275793433189392","180","180","180","0.4135265350341797","0.4135265350341797","0.4135265350341797"
"91","","","","","","","182","182","182","0.4443379044532776","0.4443379044532776","0.4443379044532776","182","182","182","0.4538847804069519","0.4538847804069519","0.4538847804069519","182","182","182","0.42267751693725586","0.42267751693725586","0.42267751693725586","182","182","182","0.42624273896217346","0.42624273896217346","0.42624273896217346"
"92","","","","","","","184","184","184","0.4337257146835327","0.4337257146835327","0.4337257146835327","184","184","184","0.4454447627067566","0.4454447627067566","0.4454447627067566","184","184","184","0.41840124130249023","0.41840124130249023","0.41840124130249023","184","184","184","0.4229279160499573","0.4229279160499573","0.4229279160499573"
"93","","","","","","","186","186","186","0.4452369213104248","0.4452369213104248","0.4452369213104248","186","186","186","0.4602451026439667","0.4602451026439667","0.4602451026439667","186","186","186","0.4279566705226898","0.4279566705226898","0.4279566705226898","186","186","186","0.4307078719139099","0.4307078719139099","0.4307078719139099"
"94","","","","","","","188","188","188","0.4531744122505188","0.4531744122505188","0.4531744122505188","188","188","188","0.473003089427948","0.473003089427948","0.473003089427948","188","188","188","0.43790674209594727","0.43790674209594727","0.43790674209594727","188","188","188","0.4370187520980835","0.4370187520980835","0.4370187520980835"
"95","","","","","","","190","190","190","0.4481247067451477","0.4481247067451477","0.4481247067451477","190","190","190","0.4759494960308075","0.4759494960308075","0.4759494960308075","190","190","190","0.43908190727233887","0.43908190727233887","0.43908190727233887","190","190","190","0.4458177089691162","0.4458177089691162","0.4458177089691162"
"96","","","","","","","192","192","192","0.4300891160964966","0.4300891160964966","0.4300891160964966","192","192","192","0.4653167426586151","0.4653167426586151","0.4653167426586151","192","192","192","0.43848296999931335","0.43848296999931335","0.43848296999931335","192","192","192","0.45048949122428894","0.45048949122428894","0.45048949122428894"
"97","","","","","","","194","194","194","0.4177711009979248","0.4177711009979248","0.4177711009979248","194","194","194","0.4534793496131897","0.4534793496131897","0.4534793496131897","194","194","194","0.4370831251144409","0.4370831251144409","0.4370831251144409","194","194","194","0.44122135639190674","0.44122135639190674","0.44122135639190674"
"98","","","","","","","196","196","196","0.43976670503616333","0.43976670503616333","0.43976670503616333","196","196","196","0.4709051847457886","0.4709051847457886","0.4709051847457886","196","196","196","0.44810163974761963","0.44810163974761963","0.44810163974761963","196","196","196","0.44325730204582214","0.44325730204582214","0.44325730204582214"
"99","","","","","","","198","198","198","0.4475981593132019","0.4475981593132019","0.4475981593132019","198","198","198","0.4757987856864929","0.4757987856864929","0.4757987856864929","198","198","198","0.4531748294830322","0.4531748294830322","0.4531748294830322","198","198","198","0.4465900659561157","0.4465900659561157","0.4465900659561157"
"100","","","","","","","200","200","200","0.4523323178291321","0.4523323178291321","0.4523323178291321","200","200","200","0.467096745967865","0.467096745967865","0.467096745967865","200","200","200","0.4494233727455139","0.4494233727455139","0.4494233727455139","200","200","200","0.45234495401382446","0.45234495401382446","0.45234495401382446"
"101","","","","","","","202","202","202","0.4583105444908142","0.4583105444908142","0.4583105444908142","202","202","202","0.47159916162490845","0.47159916162490845","0.47159916162490845","202","202","202","0.4482109248638153","0.4482109248638153","0.4482109248638153","202","202","202","0.45682549476623535","0.45682549476623535","0.45682549476623535"
"102","","","","","","","204","204","204","0.45397233963012695","0.45397233963012695","0.45397233963012695","204","204","204","0.47426092624664307","0.47426092624664307","0.47426092624664307","204","204","204","0.4526693522930145","0.4526693522930145","0.4526693522930145","204","204","204","0.45930662751197815","0.45930662751197815","0.45930662751197815"
"103","","","","","","","206","206","206","0.45398664474487305","0.45398664474487305","0.45398664474487305","206","206","206","0.47126853466033936","0.47126853466033936","0.47126853466033936","206","206","206","0.45366212725639343","0.45366212725639343","0.45366212725639343","206","206","206","0.4552042484283447","0.4552042484283447","0.4552042484283447"
"104","","","","","","","208","208","208","0.46755144000053406","0.46755144000053406","0.46755144000053406","208","208","208","0.4760328531265259","0.4760328531265259","0.4760328531265259","208","208","208","0.4576093554496765","0.4576093554496765","0.4576093554496765","208","208","208","0.46804696321487427","0.46804696321487427","0.46804696321487427"
"105","","","","","","","210","210","210","0.46226179599761963","0.46226179599761963","0.46226179599761963","210","210","210","0.4718075394630432","0.4718075394630432","0.4718075394630432","210","210","210","0.4503987431526184","0.4503987431526184","0.4503987431526184","210","210","210","0.4603356122970581","0.4603356122970581","0.4603356122970581"
"106","","","","","","","212","212","212","0.4390098452568054","0.4390098452568054","0.4390098452568054","212","212","212","0.4463711977005005","0.4463711977005005","0.4463711977005005","212","212","212","0.424838125705719","0.424838125705719","0.424838125705719","212","212","212","0.446806937456131","0.446806937456131","0.446806937456131"
"107","","","","","","","214","214","214","0.43636396527290344","0.43636396527290344","0.43636396527290344","214","214","214","0.43918800354003906","0.43918800354003906","0.43918800354003906","214","214","214","0.42185264825820923","0.42185264825820923","0.42185264825820923","214","214","214","0.4348509907722473","0.4348509907722473","0.4348509907722473"
"108","","","","","","","216","216","216","0.4439306855201721","0.4439306855201721","0.4439306855201721","216","216","216","0.44503486156463623","0.44503486156463623","0.44503486156463623","216","216","216","0.43343251943588257","0.43343251943588257","0.43343251943588257","216","216","216","0.43448156118392944","0.43448156118392944","0.43448156118392944"
"109","","","","","","","218","218","218","0.4517449736595154","0.4517449736595154","0.4517449736595154","218","218","218","0.46016740798950195","0.46016740798950195","0.46016740798950195","218","218","218","0.4450390934944153","0.4450390934944153","0.4450390934944153","218","218","218","0.4449719190597534","0.4449719190597534","0.4449719190597534"
"110","","","","","","","220","220","220","0.45257768034935","0.45257768034935","0.45257768034935","220","220","220","0.4649435579776764","0.4649435579776764","0.4649435579776764","220","220","220","0.448886513710022","0.448886513710022","0.448886513710022","220","220","220","0.44538965821266174","0.44538965821266174","0.44538965821266174"
"111","","","","","","","222","222","222","0.4622504413127899","0.4622504413127899","0.4622504413127899","222","222","222","0.46216654777526855","0.46216654777526855","0.46216654777526855","222","222","222","0.45012152194976807","0.45012152194976807","0.45012152194976807","222","222","222","0.4430662989616394","0.4430662989616394","0.4430662989616394"
"112","","","","","","","224","224","224","0.4671971797943115","0.4671971797943115","0.4671971797943115","224","224","224","0.45951011776924133","0.45951011776924133","0.45951011776924133","224","224","224","0.4531097710132599","0.4531097710132599","0.4531097710132599","224","224","224","0.44599786400794983","0.44599786400794983","0.44599786400794983"
"113","","","","","","","226","226","226","0.4677233099937439","0.4677233099937439","0.4677233099937439","226","226","226","0.46760743856430054","0.46760743856430054","0.46760743856430054","226","226","226","0.4617817997932434","0.4617817997932434","0.4617817997932434","226","226","226","0.4570867121219635","0.4570867121219635","0.4570867121219635"
"114","","","","","","","228","228","228","0.471338152885437","0.471338152885437","0.471338152885437","228","228","228","0.4813454747200012","0.4813454747200012","0.4813454747200012","228","228","228","0.4745696783065796","0.4745696783065796","0.4745696783065796","228","228","228","0.4588090181350708","0.4588090181350708","0.4588090181350708"
"115","","","","","","","230","230","230","0.4679906368255615","0.4679906368255615","0.4679906368255615","230","230","230","0.4773445129394531","0.4773445129394531","0.4773445129394531","230","230","230","0.471147358417511","0.471147358417511","0.471147358417511","230","230","230","0.45834481716156006","0.45834481716156006","0.45834481716156006"
"116","","","","","","","232","232","232","0.46012231707572937","0.46012231707572937","0.46012231707572937","232","232","232","0.4626355767250061","0.4626355767250061","0.4626355767250061","232","232","232","0.463154673576355","0.463154673576355","0.463154673576355","232","232","232","0.4504491984844208","0.4504491984844208","0.4504491984844208"
"117","","","","","","","234","234","234","0.45483797788619995","0.45483797788619995","0.45483797788619995","234","234","234","0.4509868025779724","0.4509868025779724","0.4509868025779724","234","234","234","0.461620956659317","0.461620956659317","0.461620956659317","234","234","234","0.4495229721069336","0.4495229721069336","0.4495229721069336"
"118","","","","","","","236","236","236","0.4567682147026062","0.4567682147026062","0.4567682147026062","236","236","236","0.44773536920547485","0.44773536920547485","0.44773536920547485","236","236","236","0.46102744340896606","0.46102744340896606","0.46102744340896606","236","236","236","0.444743275642395","0.444743275642395","0.444743275642395"
"119","","","","","","","238","238","238","0.4588395953178406","0.4588395953178406","0.4588395953178406","238","238","238","0.45052796602249146","0.45052796602249146","0.45052796602249146","238","238","238","0.4585719108581543","0.4585719108581543","0.4585719108581543","238","238","238","0.4373154044151306","0.4373154044151306","0.4373154044151306"
"120","","","","","","","240","240","240","0.44197314977645874","0.44197314977645874","0.44197314977645874","240","240","240","0.4347909688949585","0.4347909688949585","0.4347909688949585","240","240","240","0.43822187185287476","0.43822187185287476","0.43822187185287476","240","240","240","0.4219931960105896","0.4219931960105896","0.4219931960105896"
"121","","","","","","","242","242","242","0.4363115429878235","0.4363115429878235","0.4363115429878235","242","242","242","0.43656066060066223","0.43656066060066223","0.43656066060066223","242","242","242","0.4376527667045593","0.4376527667045593","0.4376527667045593","242","242","242","0.4250170588493347","0.4250170588493347","0.4250170588493347"
"122","","","","","","","244","244","244","0.4439908564090729","0.4439908564090729","0.4439908564090729","244","244","244","0.4512638747692108","0.4512638747692108","0.4512638747692108","244","244","244","0.4524455666542053","0.4524455666542053","0.4524455666542053","244","244","244","0.4409262537956238","0.4409262537956238","0.4409262537956238"
"123","","","","","","","246","246","246","0.4534899592399597","0.4534899592399597","0.4534899592399597","246","246","246","0.4595367908477783","0.4595367908477783","0.4595367908477783","246","246","246","0.4598561227321625","0.4598561227321625","0.4598561227321625","246","246","246","0.45711469650268555","0.45711469650268555","0.45711469650268555"
"124","","","","","","","248","248","248","0.4458608031272888","0.4458608031272888","0.4458608031272888","248","248","248","0.44650742411613464","0.44650742411613464","0.44650742411613464","248","248","248","0.4504583179950714","0.4504583179950714","0.4504583179950714","248","248","248","0.4573962688446045","0.4573962688446045","0.4573962688446045"
"125","","","","","","","250","250","250","0.44992080330848694","0.44992080330848694","0.44992080330848694","250","250","250","0.44658541679382324","0.44658541679382324","0.44658541679382324","250","250","250","0.44843244552612305","0.44843244552612305","0.44843244552612305","250","250","250","0.45439210534095764","0.45439210534095764","0.45439210534095764"
"126","","","","","","","252","252","252","0.455185204744339","0.455185204744339","0.455185204744339","252","252","252","0.4474979043006897","0.4474979043006897","0.4474979043006897","252","252","252","0.450653076171875","0.450653076171875","0.450653076171875","252","252","252","0.46076977252960205","0.46076977252960205","0.46076977252960205"
"127","","","","","","","254","254","254","0.45041900873184204","0.45041900873184204","0.45041900873184204","254","254","254","0.4522002935409546","0.4522002935409546","0.4522002935409546","254","254","254","0.4556906819343567","0.4556906819343567","0.4556906819343567","254","254","254","0.4599909782409668","0.4599909782409668","0.4599909782409668"
"128","","","","","","","256","256","256","0.4400492012500763","0.4400492012500763","0.4400492012500763","256","256","256","0.45049405097961426","0.45049405097961426","0.45049405097961426","256","256","256","0.4521576166152954","0.4521576166152954","0.4521576166152954","256","256","256","0.44852593541145325","0.44852593541145325","0.44852593541145325"
"129","","","","","","","258","258","258","0.4386206865310669","0.4386206865310669","0.4386206865310669","258","258","258","0.45015281438827515","0.45015281438827515","0.45015281438827515","258","258","258","0.44713062047958374","0.44713062047958374","0.44713062047958374","258","258","258","0.44174784421920776","0.44174784421920776","0.44174784421920776"
"130","","","","","","","260","260","260","0.4467002749443054","0.4467002749443054","0.4467002749443054","260","260","260","0.45969903469085693","0.45969903469085693","0.45969903469085693","260","260","260","0.450946569442749","0.450946569442749","0.450946569442749","260","260","260","0.4503944516181946","0.4503944516181946","0.4503944516181946"
"131","","","","","","","262","262","262","0.45692312717437744","0.45692312717437744","0.45692312717437744","262","262","262","0.47276365756988525","0.47276365756988525","0.47276365756988525","262","262","262","0.46118786931037903","0.46118786931037903","0.46118786931037903","262","262","262","0.462550550699234","0.462550550699234","0.462550550699234"
"132","","","","","","","264","264","264","0.46178704500198364","0.46178704500198364","0.46178704500198364","264","264","264","0.4792049527168274","0.4792049527168274","0.4792049527168274","264","264","264","0.46896007657051086","0.46896007657051086","0.46896007657051086","264","264","264","0.46430304646492004","0.46430304646492004","0.46430304646492004"
"133","","","","","","","266","266","266","0.4563390016555786","0.4563390016555786","0.4563390016555786","266","266","266","0.4712393581867218","0.4712393581867218","0.4712393581867218","266","266","266","0.4628552794456482","0.4628552794456482","0.4628552794456482","266","266","266","0.45332998037338257","0.45332998037338257","0.45332998037338257"
"134","","","","","","","268","268","268","0.4589632749557495","0.4589632749557495","0.4589632749557495","268","268","268","0.4702914357185364","0.4702914357185364","0.4702914357185364","268","268","268","0.4618968963623047","0.4618968963623047","0.4618968963623047","268","268","268","0.4587298631668091","0.4587298631668091","0.4587298631668091"
"135","","","","","","","270","270","270","0.4523966908454895","0.4523966908454895","0.4523966908454895","270","270","270","0.46293944120407104","0.46293944120407104","0.46293944120407104","270","270","270","0.46027153730392456","0.46027153730392456","0.46027153730392456","270","270","270","0.459099143743515","0.459099143743515","0.459099143743515"
"136","","","","","","","272","272","272","0.4534814953804016","0.4534814953804016","0.4534814953804016","272","272","272","0.45731642842292786","0.45731642842292786","0.45731642842292786","272","272","272","0.4606205224990845","0.4606205224990845","0.4606205224990845","272","272","272","0.46240952610969543","0.46240952610969543","0.46240952610969543"
"137","","","","","","","274","274","274","0.45318400859832764","0.45318400859832764","0.45318400859832764","274","274","274","0.45378977060317993","0.45378977060317993","0.45378977060317993","274","274","274","0.4599934220314026","0.4599934220314026","0.4599934220314026","274","274","274","0.4609992802143097","0.4609992802143097","0.4609992802143097"
"138","","","","","","","276","276","276","0.43671101331710815","0.43671101331710815","0.43671101331710815","276","276","276","0.44614261388778687","0.44614261388778687","0.44614261388778687","276","276","276","0.4483686685562134","0.4483686685562134","0.4483686685562134","276","276","276","0.4566466808319092","0.4566466808319092","0.4566466808319092"
"139","","","","","","","278","278","278","0.42699575424194336","0.42699575424194336","0.42699575424194336","278","278","278","0.452605664730072","0.452605664730072","0.452605664730072","278","278","278","0.44650375843048096","0.44650375843048096","0.44650375843048096","278","278","278","0.45142099261283875","0.45142099261283875","0.45142099261283875"
"140","","","","","","","280","280","280","0.43795424699783325","0.43795424699783325","0.43795424699783325","280","280","280","0.45955145359039307","0.45955145359039307","0.45955145359039307","280","280","280","0.45190590620040894","0.45190590620040894","0.45190590620040894","280","280","280","0.45268285274505615","0.45268285274505615","0.45268285274505615"
"141","","","","","","","282","282","282","0.4512519836425781","0.4512519836425781","0.4512519836425781","282","282","282","0.4590664207935333","0.4590664207935333","0.4590664207935333","282","282","282","0.46022093296051025","0.46022093296051025","0.46022093296051025","282","282","282","0.45840561389923096","0.45840561389923096","0.45840561389923096"
"142","","","","","","","284","284","284","0.45734524726867676","0.45734524726867676","0.45734524726867676","284","284","284","0.4682423174381256","0.4682423174381256","0.4682423174381256","284","284","284","0.4683144688606262","0.4683144688606262","0.4683144688606262","284","284","284","0.4594379663467407","0.4594379663467407","0.4594379663467407"
"143","","","","","","","286","286","286","0.44898489117622375","0.44898489117622375","0.44898489117622375","286","286","286","0.46355104446411133","0.46355104446411133","0.46355104446411133","286","286","286","0.4649409055709839","0.4649409055709839","0.4649409055709839","286","286","286","0.45022040605545044","0.45022040605545044","0.45022040605545044"
"144","","","","","","","288","288","288","0.4519047141075134","0.4519047141075134","0.4519047141075134","288","288","288","0.45812904834747314","0.45812904834747314","0.45812904834747314","288","288","288","0.45993858575820923","0.45993858575820923","0.45993858575820923","288","288","288","0.4498192071914673","0.4498192071914673","0.4498192071914673"
"145","","","","","","","290","290","290","0.4522911310195923","0.4522911310195923","0.4522911310195923","290","290","290","0.4578167200088501","0.4578167200088501","0.4578167200088501","290","290","290","0.4640657901763916","0.4640657901763916","0.4640657901763916","","","","","",""
"146","","","","","","","292","292","292","0.4419460892677307","0.4419460892677307","0.4419460892677307","292","292","292","0.45017188787460327","0.45017188787460327","0.45017188787460327","292","292","292","0.45275241136550903","0.45275241136550903","0.45275241136550903","","","","","",""
"147","","","","","","","294","294","294","0.4392450451850891","0.4392450451850891","0.4392450451850891","294","294","294","0.447587251663208","0.447587251663208","0.447587251663208","294","294","294","0.4506760835647583","0.4506760835647583","0.4506760835647583","","","","","",""
"148","","","","","","","296","296","296","0.4444441497325897","0.4444441497325897","0.4444441497325897","296","296","296","0.45298129320144653","0.45298129320144653","0.45298129320144653","296","296","296","0.4473562240600586","0.4473562240600586","0.4473562240600586","","","","","",""
"149","","","","","","","298","298","298","0.44713085889816284","0.44713085889816284","0.44713085889816284","298","298","298","0.46508628129959106","0.46508628129959106","0.46508628129959106","298","298","298","0.4550396203994751","0.4550396203994751","0.4550396203994751","","","","","",""
"150","","","","","","","300","300","300","0.43474411964416504","0.43474411964416504","0.43474411964416504","300","300","300","0.4530959129333496","0.4530959129333496","0.4530959129333496","300","300","300","0.4505888819694519","0.4505888819694519","0.4505888819694519","","","","","",""
"151","","","","","","","302","302","302","0.4420025944709778","0.4420025944709778","0.4420025944709778","302","302","302","0.4556006193161011","0.4556006193161011","0.4556006193161011","302","302","302","0.45046791434288025","0.45046791434288025","0.45046791434288025","","","","","",""
"152","","","","","","","304","304","304","0.4464767873287201","0.4464767873287201","0.4464767873287201","304","304","304","0.45182687044143677","0.45182687044143677","0.45182687044143677","304","304","304","0.4494701325893402","0.4494701325893402","0.4494701325893402","","","","","",""
"153","","","","","","","306","306","306","0.44578737020492554","0.44578737020492554","0.44578737020492554","306","306","306","0.453006386756897","0.453006386756897","0.453006386756897","306","306","306","0.4525476396083832","0.4525476396083832","0.4525476396083832","","","","","",""
"154","","","","","","","308","308","308","0.439501017332077","0.439501017332077","0.439501017332077","308","308","308","0.449540376663208","0.449540376663208","0.449540376663208","308","308","308","0.4503735303878784","0.4503735303878784","0.4503735303878784","","","","","",""